Gender,Married,Dependents,Education,Self_Employed,Loan_Amount_Term,Credit_History,Property_Area,Loan_Status,TotalIncome,Log_TotalIncome,Log_LoanAmount,Normalized_TotalIncome,Normalized_LoanAmount
1,1,1,0,0,360.0,1.0,1,2,4436.0,8.39773375137891,4.605170185988092,-0.3814553974603928,-0.5427914671758219
1,1,1,0,0,360.0,1.0,1,2,3701.0,8.216628493133443,5.093750200806762,-0.49322708590270287,0.22563285415033213
1,1,0,1,0,360.0,0.0,2,2,4600.0,8.434028950155469,4.219507705176107,-0.35651586425693865,-0.9331022335637098
1,1,0,0,0,360.0,1.0,1,1,5167.0,8.550241045462437,4.74493212836325,-0.27029199031572804,-0.35983329543149956
1,0,0,0,0,360.0,1.0,2,0,3167.0,8.060855752934316,4.31748811353631,-0.5744326391383403,-0.8477217534163592
1,1,2,0,0,360.0,1.0,1,2,9167.0,9.12347443895452,5.4638318050256105,0.3379893073294966,1.1160292899727011
1,1,0,1,0,360.0,1.0,2,0,6033.0,8.705165419719007,5.081404364984463,-0.1385990893755369,0.20123843125108914
1,1,1,1,1,360.0,1.0,0,2,2695.0,7.899524472032198,4.23410650459726,-0.6462098322604769,-0.9209050221140883
0,0,0,1,1,360.0,1.0,1,1,12049.5,9.756378687497916,5.420534999272286,1.5691506537634312,0.9940571754764862
0,0,0,0,1,360.0,1.0,2,1,3463.0,8.150179269682326,4.812184355372417,-0.5294198231125937,-0.2622556038345276
0,0,0,0,0,360.0,1.0,0,1,5428.0,8.599510233905452,4.912654885736052,-0.23060163564437713,-0.1036918549894482
0,1,2,1,0,360.0,1.0,1,2,3729.0,8.224163512637862,4.770684624465665,-0.4889691168191863,-0.3232416610826351
1,1,0,0,0,360.0,1.0,0,1,5491.0,8.61104776688786,4.941642422609304,-0.22102120520646484,-0.05490300919096222
1,1,3,1,0,480.0,1.0,1,1,2825.0,7.946617563244473,4.553876891600541,-0.6264406900870071,-0.6037775244239294
0,1,3,1,0,360.0,1.0,2,2,4079.0,8.313852267398207,4.605170185988092,-0.4357445032752291,-0.5427914671758219
1,1,1,0,1,360.0,1.0,2,0,4022.0,8.299783171949787,4.709530201312334,-0.44441251176667357,-0.4086221412299855
1,1,0,0,0,360.0,1.0,2,1,12049.5,10.221977646629885,6.175867270105761,3.1258945647619725,4.104346095129967
0,0,1,1,0,360.0,1.0,0,2,7429.0,8.913281137711804,4.770684624465665,0.0736910835026465,-0.3232416610826351
0,1,2,0,0,360.0,1.0,2,0,3259.0,8.089482474360754,5.123963979403259,-0.5604421692925002,0.2866189113984396
1,1,2,0,0,360.0,1.0,0,2,4500.0,8.412054873292933,4.997212273764115,-0.37172289669806924,0.042674682406009724
0,1,0,0,0,360.0,1.0,2,0,6784.0,8.82246957226897,4.709530201312334,-0.024394275742645976,-0.4086221412299855
1,1,1,1,0,360.0,1.0,2,1,4763.0,8.46884293047519,4.859812404361672,-0.3317284013778957,-0.18907233513679866
1,1,2,0,0,360.0,0.0,1,0,4745.0,8.465057436995709,4.890349128221754,-0.33446566721729926,-0.14028348933831267
1,0,0,0,1,360.0,1.0,2,2,5833.0,8.671458150427666,4.762173934797756,-0.16901315425779814,-0.33543887253225657
1,0,0,0,0,360.0,1.0,1,2,4583.0,8.430327258394575,4.709530201312334,-0.35910105977193085,-0.4086221412299855
1,1,0,0,1,360.0,1.0,2,1,3000.0,8.006700845440367,4.204692619390966,-0.5998283833150285,-0.9452994450133313
1,0,0,0,0,360.0,1.0,1,1,8649.0,9.065314599925925,5.0238805208462765,0.25921687928444,0.0914635282044957
1,0,0,1,0,180.0,1.0,2,1,2717.0,7.907651594711089,4.110873864173311,-0.6428642851234281,-1.0184827137110601
1,0,0,0,0,360.0,1.0,2,2,3909.0,8.271292652979412,4.624972813284271,-0.4615964584251512,-0.518397044276579
1,1,1,0,0,360.0,1.0,2,1,10333.0,9.24319470884713,5.802118375377063,0.5153033055930796,2.274764377686743
1,0,0,0,0,360.0,1.0,2,1,2479.0,7.8160138391590275,4.0943445622221,-0.679057022333319,-1.0306799251606817
1,1,0,0,0,360.0,1.0,0,1,6525.0,8.783549477153265,5.37989735354046,-0.06378048976517427,0.8842822724298928
1,1,2,0,1,360.0,1.0,2,1,9613.0,9.170975648453906,5.5909869805108565,0.40581267201693916,1.5063400563605889
0,1,1,0,1,360.0,0.0,2,0,11500.0,9.350189267092581,5.659482215759621,0.6927693741810739,1.7380870739033973
1,1,0,0,0,360.0,1.0,1,1,6556.0,8.788288460263619,5.093750200806762,-0.05906630970842378,0.22563285415033213
1,0,0,1,0,360.0,1.0,2,2,3844.0,8.254528881939745,4.663439094112067,-0.4714810295118861,-0.469608198478093
0,0,0,0,0,360.0,1.0,2,1,6000.0,8.699681400989514,5.056245805348308,-0.14361741008111,0.15244958545260318
1,1,0,0,0,360.0,1.0,1,1,10833.0,9.290444616217844,5.459585514144159,0.5913384677987327,1.1038320785230797
1,1,0,0,0,360.0,1.0,1,1,2974.0,7.99799931797973,3.9318256327243257,-0.6037822117497225,-1.140454828207275
1,0,0,1,0,360.0,1.0,0,1,3833.0,8.251663923605589,4.709530201312334,-0.47315380308041044,-0.4086221412299855
1,1,2,1,0,360.0,1.0,1,1,3917.0,8.273336598504486,4.8283137373023015,-0.4603798958298607,-0.23786118093528463
1,0,0,0,1,360.0,0.0,2,0,12049.5,9.69590972432601,5.262690188904886,1.4151034151347779,0.591549197638977
1,0,3,0,0,180.0,1.0,2,2,4166.0,8.334951631422454,3.713572066704308,-0.4225143850514455,-1.26242694270349
1,1,2,0,0,360.0,1.0,2,2,5741.0,8.655562860681009,5.017279836814924,-0.1830036241036383,0.07926631675487421
1,1,2,0,1,360.0,1.0,0,1,12049.5,9.770013301136158,5.993961427306569,1.6051913206489106,3.1285691791602477
1,1,2,0,0,360.0,1.0,0,1,4913.0,8.499843553081124,4.836281906951478,-0.3089178527161998,-0.22566396948566314
1,1,2,1,0,360.0,1.0,0,2,12049.5,9.91095956737483,4.634728988229636,2.0080256100144607,-0.5061998328269575
1,1,0,0,1,360.0,1.0,1,1,9560.0,9.165447603085447,5.2574953720277815,0.39775294482313994,0.5793519861893555
1,1,1,0,0,240.0,1.0,2,1,3988.0,8.291295851905407,3.9318256327243257,-0.44958290279665797,-1.140454828207275
1,1,2,0,0,360.0,1.0,2,1,3900.0,8.268988209506656,4.2626798770413155,-0.4629650913448529,-0.8965105992148453
1,0,0,1,0,360.0,1.0,0,1,5568.0,8.624970783589669,4.700480365792417,-0.20931179022679428,-0.420819352679607
1,1,2,0,0,360.0,1.0,1,1,8667.0,9.067393362656249,5.4680601411351315,0.2619541451238435,1.1282265014223227
1,1,2,0,0,360.0,0.0,0,0,5050.0,8.527341522468053,5.017279836814924,-0.2880842182718509,0.07926631675487421
1,1,0,0,0,360.0,1.0,2,1,7083.0,8.865593998902725,4.875197323201151,0.021074751256334564,-0.16467791223755568
0,1,2,1,0,360.0,1.0,1,1,3127.0,8.048149101665201,4.59511985013459,-0.5805154521147926,-0.5549886786254434
1,0,0,1,0,360.0,1.0,0,1,4592.0,8.432288684325794,4.844187086458591,-0.35773242685222906,-0.21346675803604165
1,1,1,0,0,360.0,1.0,0,1,4014.0,8.297792626380861,4.68213122712422,-0.44562907436196403,-0.44521377557885
1,1,1,1,0,180.0,1.0,2,1,6608.0,8.796187635470453,4.927253685157205,-0.05115865283903586,-0.0792974320902052
1,1,0,0,0,360.0,1.0,0,0,7710.0,8.95040315983296,5.170483995038151,0.11642284466222352,0.38419660299541153
1,1,0,0,0,360.0,1.0,1,2,5667.0,8.64259160081057,5.14166355650266,-0.19425682811007494,0.32321054574730407
1,1,0,1,0,360.0,0.0,1,0,5558.0,8.62317351495347,5.308267697401205,-0.21083249347090732,0.7013241006855704
0,0,3,1,0,180.0,1.0,2,2,2083.0,7.642044402873258,3.367295829986474,-0.7392768708001962,-1.408793480098948
1,0,0,0,0,360.0,1.0,2,0,3583.0,8.18423477409482,4.574710978503383,-0.511171384183237,-0.5793831015246864
1,0,0,0,0,360.0,1.0,0,1,12049.5,9.399637542506563,5.236441962829949,0.7814263733128654,0.5305631403908695
1,1,0,0,1,360.0,1.0,2,1,12049.5,9.687878048875998,5.564520407322694,1.395334272961308,1.4209595762132385
1,1,1,0,1,360.0,1.0,1,1,2395.0,7.78155595923534,4.836281906951478,-0.6918309295838687,-0.22566396948566314
1,1,1,0,0,360.0,1.0,2,0,3875.0,8.262558973010657,4.219507705176107,-0.4667668494551356,-0.9331022335637098
0,1,0,0,0,360.0,0.0,2,2,4241.0,8.352790135124629,4.48863636973214,-0.4111091107205975,-0.6769607931216584
1,1,1,0,0,360.0,1.0,2,2,7533.0,8.927181388251986,5.54907608489522,0.08950639724142234,1.3721707304147526
1,1,1,0,0,360.0,1.0,1,1,3315.0,8.106514516255185,4.574710978503383,-0.551926231125467,-0.5793831015246864
1,0,0,0,0,360.0,1.0,2,1,2833.0,7.949444420250626,4.276666119016055,-0.6252241274917166,-0.8843133877652238
1,1,3,0,0,360.0,0.0,1,0,4680.0,8.45126704130007,4.859812404361672,-0.3443502383040341,-0.18907233513679866
1,1,3,0,0,360.0,1.0,0,2,12049.5,9.511851382364405,5.968707559985366,0.9996472888430897,3.0065970646640325
1,0,0,0,0,360.0,1.0,0,0,9481.0,9.157150543462064,5.7430031878094825,0.38573938919464673,2.0430173601439345
1,1,0,0,0,360.0,1.0,0,1,2936.12000084,7.9851847886683345,4.477336814478207,-0.6095426355106837,-0.6891580045712798
1,1,2,0,0,360.0,1.0,1,1,7945.0,8.980423936374544,5.351858133476067,0.15215937089888049,0.8110990037321638
0,0,0,0,0,360.0,1.0,2,2,2545.0,7.842278779117352,4.31748811353631,-0.6690203809221728,-0.8477217534163592
1,1,3,0,0,360.0,1.0,1,1,4531.0,8.418918622147897,4.8283137373023015,-0.36700871664131873,-0.23786118093528463
1,1,3,0,0,120.0,1.0,2,2,3400.0,8.131824785007195,4.394449154672439,-0.5390002535505061,-0.7745384847186303
1,1,2,0,0,360.0,1.0,2,0,4550.0,8.423102268016642,4.836281906951478,-0.3641193804775039,-0.22566396948566314
1,1,2,0,0,360.0,1.0,1,1,5185.0,8.55371796609861,5.049856007249537,-0.2675547244763245,0.14025237400298168
1,1,0,0,0,360.0,0.0,1,2,5404.0,8.595079730073309,4.663439094112067,-0.2342513234302485,-0.469608198478093
1,1,0,0,0,360.0,1.0,0,0,4915.0,8.500250470685925,4.02535169073515,-0.3086137120673772,-1.0794687709591677
0,0,0,0,0,480.0,1.0,0,0,7541.0,8.928242677818302,5.0238805208462765,0.09072295983671279,0.0914635282044957
1,1,3,0,0,360.0,1.0,2,2,9699.0,9.179881164491475,5.707110264748875,0.4188907199163115,1.9088480341980982
1,1,3,0,0,360.0,0.0,1,0,5540.0,8.61993026886735,5.0689042022202315,-0.21356975931031083,0.17684400835184616
1,1,3,0,0,180.0,0.0,1,1,12049.5,10.596634733096073,6.398594934535208,5.026621549578888,5.568011469084547
1,0,2,0,0,360.0,0.0,0,0,3588.0,8.185628891147607,4.709530201312334,-0.5104110325611805,-0.4086221412299855
1,0,0,0,0,360.0,1.0,1,1,3777.0,8.236950048061455,3.9318256327243257,-0.4816697412474436,-1.140454828207275
1,1,1,0,0,360.0,1.0,1,2,12049.5,9.448648359810164,6.023447592961033,0.8737330602305282,3.2749357165557056
1,1,0,0,0,360.0,1.0,1,1,4310.0,8.368925174747135,4.875197323201151,-0.4006162583362174,-0.16467791223755568
1,0,0,0,0,360.0,1.0,2,2,7380.0,8.906664409770052,5.198497031265826,0.0662396376064925,0.445182660243519
1,1,3,0,1,360.0,1.0,1,1,10139.0,9.224243277145174,5.564520407322694,0.4858016626572862,1.4209595762132385
1,1,2,0,1,12.0,1.0,0,2,10890.0,9.295692039075686,5.564520407322694,0.6000064762901771,1.4209595762132385
1,1,3,0,0,360.0,0.0,0,0,5900.0,8.682877107057168,4.820281565605037,-0.15882444252224062,-0.2500583923849061
0,0,0,0,1,360.0,1.0,0,2,12049.5,9.615005159913578,5.181783550292085,1.2230385954032985,0.4085910258946545
1,1,3,0,0,360.0,1.0,1,2,4270.0,8.359603270841466,4.6913478822291435,-0.40669907131266964,-0.4330165641292285
1,0,0,0,0,360.0,1.0,1,1,2500.0,7.824445930877619,4.02535169073515,-0.6758635455206815,-1.0794687709591677
1,1,2,0,0,360.0,1.0,2,1,12049.5,9.721185995542177,5.62040086571715,1.4783646700898814,1.6039177479575608
1,0,0,0,0,360.0,0.0,2,2,5005.0,8.518392471991719,5.176149732573829,-0.29492738287035963,0.396393814445033
1,0,0,1,0,360.0,1.0,0,2,3271.0,8.093156697722637,4.51085950651685,-0.5586173253995645,-0.6525663702224154
1,0,0,0,0,360.0,1.0,1,1,12049.5,9.463198053273784,6.0063531596017325,0.9020181405710311,3.189555236408355
1,1,0,0,0,480.0,1.0,1,1,4758.0,8.46779284112111,5.0689042022202315,-0.33248875299995223,0.17684400835184616
1,1,0,0,0,180.0,1.0,2,1,12049.5,11.056240743970491,6.19644412779452,8.575638780689951,4.226318209626182
1,1,1,0,0,360.0,1.0,2,2,3901.0,8.269244521183056,4.762173934797756,-0.46281302102044164,-0.33543887253225657
1,1,1,0,1,360.0,1.0,2,1,7787.0,8.960339366492091,5.484796933490655,0.1281322596418941,1.1770153472208087
1,1,3,1,1,360.0,1.0,1,1,5499.0,8.612503371220562,4.875197323201151,-0.21980464261117438,-0.16467791223755568
0,0,0,0,0,360.0,1.0,0,0,11666.0,9.364519622823858,5.420534999272286,0.7180130480333506,0.9940571754764862
0,0,0,0,0,360.0,1.0,0,1,5000.0,8.517393171418904,4.890349128221754,-0.29568773449241614,-0.14028348933831267
1,1,3,0,0,360.0,1.0,2,2,8334.0,9.028218795184895,5.564520407322694,0.21131472709487856,1.4209595762132385
1,1,2,1,0,360.0,1.0,1,2,5705.0,8.649273531773446,5.017279836814924,-0.1884781557824453,0.07926631675487421
1,1,0,0,0,360.0,0.0,0,0,5754.0,8.657824321155983,4.787491742782046,-0.18102670988629133,-0.2988472381833921
1,0,0,0,0,360.0,1.0,0,2,4155.0,8.332308352219117,4.61512051684126,-0.42418715861996986,-0.5305942557262004
1,1,1,0,1,360.0,1.0,0,0,10000.0,9.210440366976517,5.049856007249537,0.46466388756411464,0.14025237400298168
1,1,0,0,1,120.0,1.0,1,1,3459.0,8.14902386805177,3.258096538021482,-0.530028104410239,-1.4453851144478125
0,0,0,0,0,360.0,0.0,1,0,2138.0,7.668093709082406,4.605170185988092,-0.7309130029575744,-0.5427914671758219
1,0,0,1,0,360.0,1.0,1,1,5332.0,8.581669210600602,4.718498871295094,-0.24520038678786252,-0.39642492978036403
1,0,0,0,0,360.0,0.0,1,0,2987.0,8.002359546252707,4.48863636973214,-0.6018052975323754,-0.6769607931216584
1,1,0,0,0,360.0,1.0,0,1,5829.0,8.670772279344538,4.9344739331306915,-0.16962143555544335,-0.06710022064058371
1,0,0,0,0,360.0,1.0,2,1,5849.0,8.674196940225903,4.836281906951478,-0.16658002906721722,-0.22566396948566314
1,1,2,0,0,360.0,1.0,1,1,3717.0,8.220941168281389,4.795790545596741,-0.49079396071212195,-0.2866500267337706
1,1,3,0,0,360.0,0.0,2,2,4932.0,8.503702601233739,5.099866427824199,-0.306028516552385,0.23783006559995362
1,1,0,1,0,360.0,1.0,0,0,3453.0,8.147288258706624,4.204692619390966,-0.5309405263567067,-0.9452994450133313
1,1,0,0,0,360.0,1.0,2,2,6500.0,8.77971129020447,4.976733742420574,-0.06758224787545693,0.006083048057145243
1,1,2,0,1,360.0,1.0,0,1,12049.5,9.623442907213558,6.175867270105761,1.2423515266035343,4.104346095129967
1,0,0,1,1,360.0,0.0,0,2,8703.0,9.071537969095724,5.298317366548036,0.26742867680265053,0.6769296777863274
1,1,0,0,0,180.0,1.0,1,1,6416.0,8.766705997750515,4.04305126783455,-0.08035615512600665,-1.067271559509546
1,1,3,1,0,180.0,1.0,0,0,3522.0,8.167068178341237,4.406719247264253,-0.5204476739723267,-0.7623412732690088
0,0,0,0,0,360.0,1.0,0,1,3692.0,8.214194414852564,4.543294782270004,-0.4945957188224046,-0.6159747358735509
0,0,0,0,0,360.0,1.0,1,2,4666.0,8.448271745949816,4.8283137373023015,-0.3464792228457924,-0.23786118093528463
1,1,2,0,1,360.0,0.0,1,0,2726.0,7.910957382845589,4.672828834461906,-0.6414956522037264,-0.4574109870284715
0,0,0,0,1,360.0,1.0,0,2,7249.0,8.88875674784872,5.3612921657094255,0.04631842510861139,0.8354934266314068
1,1,0,0,0,360.0,1.0,1,1,5858.0,8.675734219544788,4.882801922586371,-0.16521139614751548,-0.15248070078793416
1,1,2,1,0,360.0,1.0,0,2,3859.0,8.258422462458876,4.804021044733257,-0.4691999746457165,-0.2744528152841491
1,0,0,0,0,360.0,1.0,0,0,6979.0,8.850804195756417,4.219507705176107,0.005259437517558725,-0.9331022335637098
1,1,2,0,0,360.0,1.0,1,1,3900.0,8.268988209506656,4.51085950651685,-0.4629650913448529,-0.6525663702224154
1,1,1,0,0,360.0,1.0,0,2,12049.5,9.843790625278,5.459585514144159,1.808965555360061,1.1038320785230797
0,0,0,0,0,360.0,0.0,1,0,4300.0,8.366602832783736,4.919980925828125,-0.40213696158033047,-0.0914946435398267
1,1,2,0,0,360.0,0.0,1,0,4400.0,8.38958706681109,4.852030263919617,-0.3869299291391999,-0.20126954658642016
1,0,0,0,0,360.0,1.0,2,1,3943.0,8.279950715722526,4.31748811353631,-0.4564260673951668,-0.8477217534163592
1,1,0,1,0,360.0,0.0,2,0,4734.0,8.462737005620179,4.543294782270004,-0.3361384407858236,-0.6159747358735509
1,1,3,1,0,360.0,1.0,1,2,4333.0,8.374246182096304,4.795790545596741,-0.39711864087475734,-0.2866500267337706
1,0,0,0,0,360.0,0.0,0,1,4917.0,8.500657222776137,4.875197323201151,-0.3083095714185546,-0.16467791223755568
1,1,2,0,0,180.0,1.0,2,1,11757.0,9.3722891389622,5.236441962829949,0.7318514475547796,0.5305631403908695
1,0,0,0,0,360.0,1.0,2,2,3125.0,8.047509510981422,4.189654742026425,-0.5808195927636152,-0.9574966564629528
1,1,0,0,0,360.0,1.0,1,2,6500.0,8.77971129020447,4.9344739331306915,-0.06758224787545693,-0.06710022064058371
1,1,3,0,0,360.0,1.0,1,0,11750.0,9.371693622333941,5.673323267171493,0.7307869552839004,1.7868759197018833
0,1,2,0,0,360.0,1.0,2,2,12049.5,9.983545644706707,6.133398042996649,2.238716292146412,3.860401866137537
1,1,0,0,0,180.0,1.0,2,1,9323.0,9.140347000155648,4.330733340286331,0.36171227793766036,-0.8355245419667378
1,0,0,1,0,360.0,1.0,2,0,1442.0,7.274479558773871,3.58351893845611,-0.8367539487478435,-1.3234129999515976
1,0,0,0,1,360.0,1.0,2,2,5833.0,8.671458150427666,4.762173934797756,-0.16901315425779814,-0.33543887253225657
1,0,0,0,0,360.0,1.0,1,1,3858.0,8.258163361537619,4.343805421853684,-0.4693520449701278,-0.8233273305171163
1,0,0,0,0,360.0,1.0,0,1,4309.0,8.368693183097793,4.983606621708336,-0.4007683286606287,0.018280259506766736
1,1,0,0,0,360.0,0.0,0,2,5357.0,8.586346050104554,4.897839799950911,-0.24139862867757986,-0.12808627788869117
1,1,2,0,0,360.0,1.0,1,1,8000.0,8.987321812850125,5.303304908059076,0.16052323874150232,0.6891268892359489
1,1,1,0,0,360.0,1.0,2,2,5727.0,8.653121708640482,4.454347296253507,-0.18513260864539657,-0.7135524274705228
1,1,2,0,0,360.0,1.0,0,0,7125.0,8.871505346165781,5.225746673713202,0.027461704881609424,0.5061687174916265
1,1,0,0,0,360.0,1.0,1,1,11333.0,9.335562336729565,5.236441962829949,0.6673736300043858,0.5305631403908695
1,1,0,1,0,360.0,1.0,2,1,3849.0,8.25582842728183,4.564348191467836,-0.4707206778898296,-0.5915803129743079
1,1,3,0,0,360.0,1.0,1,2,4119.0,8.323608442343572,4.844187086458591,-0.4296616902987769,-0.21346675803604165
1,1,0,0,0,360.0,1.0,2,1,4301.0,8.366835309827675,4.77912349311153,-0.4019848912559192,-0.3110444496330136
1,1,3,1,0,360.0,0.0,1,0,4755.0,8.467162257810672,4.564348191467836,-0.3329449639731862,-0.5915803129743079
1,1,3,0,0,360.0,1.0,0,2,4513.0,8.414938957377482,4.795790545596741,-0.36974598248072227,-0.2866500267337706
1,1,2,0,0,360.0,1.0,2,1,4500.0,8.412054873292933,4.736198448394496,-0.37172289669806924,-0.37203050688112105
0,0,1,0,0,360.0,1.0,0,1,3812.0,8.246171559857563,4.727387818712341,-0.47634727989304787,-0.38422771833074254
0,1,0,0,0,360.0,1.0,1,1,6816.0,8.827174771362785,4.61512051684126,-0.01952802536148418,-0.5305942557262004
1,0,1,0,0,240.0,1.0,0,2,5550.0,8.621733370690162,4.394449154672439,-0.21204905606619778,-0.7745384847186303
1,1,1,0,0,360.0,1.0,1,1,4934.0,8.504107951867582,4.948759890378168,-0.3057243759035624,-0.04270579774134073
1,1,0,0,0,360.0,0.0,2,0,2221.0,7.706162970199576,4.110873864173311,-0.718291166031436,-1.0184827137110601
1,1,0,0,0,180.0,0.0,0,1,4949.0,8.507142855562735,4.51085950651685,-0.3034433210373928,-0.6525663702224154
1,1,1,0,1,360.0,1.0,1,1,12049.5,9.847869128773116,4.465908118654584,1.8206749703397316,-0.7013552160209013
1,0,0,0,0,360.0,1.0,1,1,2718.0,7.908019444632471,4.2626798770413155,-0.6427122147990169,-0.8965105992148453
1,0,0,0,0,360.0,1.0,2,2,2500.0,7.824445930877619,4.110873864173311,-0.6758635455206815,-1.0184827137110601
1,1,2,1,0,360.0,1.0,0,2,4483.0,8.40827078419205,4.875197323201151,-0.37430809221306144,-0.16467791223755568
1,1,0,0,1,360.0,1.0,1,1,12049.5,10.6896240399389,4.795790545596741,5.619391674134159,-0.2866500267337706
1,0,0,0,0,360.0,1.0,2,1,3013.0,8.01102337918644,3.871201010907891,-0.5978514690976815,-1.1770464625561396
1,1,0,0,0,360.0,1.0,1,2,3300.0,8.101980731853192,4.574710978503383,-0.5542072859916366,-0.5793831015246864
1,1,2,0,0,360.0,0.0,2,0,7400.0,8.909370405197466,5.37989735354046,0.06928104409471862,0.8842822724298928
0,1,1,0,0,360.0,1.0,0,2,3564.0,8.178919332848396,4.382026634673881,-0.5140607203470519,-0.7867356961682518
1,1,0,0,0,360.0,1.0,1,1,3723.0,8.222553638396958,4.574710978503383,-0.4898815387656541,-0.5793831015246864
1,1,0,0,0,360.0,1.0,2,0,6277.0,8.744806737401898,5.159055299214529,-0.1014939302191782,0.35980218009616854
1,0,0,0,0,360.0,1.0,1,2,9100.0,9.116139576577355,5.303304908059076,0.3278005955939391,0.6891268892359489
1,1,0,0,0,180.0,0.0,0,0,7859.0,8.969541885423252,4.890349128221754,0.13908132299950815,-0.14028348933831267
1,1,3,1,0,360.0,0.0,2,2,5180.0,8.552753366814787,4.836281906951478,-0.26831507609838107,-0.22566396948566314
1,1,1,0,0,360.0,1.0,1,0,6642.0,8.80131894766524,5.0238805208462765,-0.04598826180905145,0.0914635282044957
1,1,0,0,0,360.0,1.0,0,1,6966.0,8.848939995030118,4.804021044733257,0.0032825233002117447,-0.2744528152841491
1,1,3,0,1,360.0,1.0,0,1,7101.0,8.868131713503033,4.61512051684126,0.023812017095738075,-0.5305942557262004
1,1,0,1,0,360.0,0.0,1,2,4700.0,8.45553053102413,4.912654885736052,-0.341308831815808,-0.1036918549894482
1,1,0,0,0,360.0,1.0,1,2,7666.0,8.944680683558895,5.236441962829949,0.10973175038812606,0.5305631403908695
1,1,1,1,0,360.0,1.0,2,2,4357.0,8.379768515504566,4.859812404361672,-0.393468953088886,-0.18907233513679866
0,0,3,1,0,360.0,0.0,2,0,1830.0,7.5126175446745105,4.836281906951478,-0.7777506628762567,-0.22566396948566314
0,0,0,0,0,360.0,1.0,1,1,3086.0,8.034955024502159,4.795790545596741,-0.5867503354156561,-0.2866500267337706
1,1,1,1,0,360.0,1.0,0,1,4394.0,8.388222810119277,4.882801922586371,-0.38784235108566767,-0.15248070078793416
0,0,0,0,0,360.0,1.0,1,1,3159.0,8.058327306580958,4.61512051684126,-0.5756492017336308,-0.5305942557262004
1,0,0,0,0,360.0,1.0,2,2,4983.0,8.51398806046729,4.955827057601261,-0.29827293000740834,-0.030508586291719236
1,1,2,0,0,240.0,1.0,2,2,12049.5,9.52032195192273,5.638354669333745,1.0171353761503898,1.6649038052056684
1,0,0,0,1,360.0,1.0,1,1,5166.0,8.550047528287184,4.859812404361672,-0.2704440606401393,-0.18907233513679866
1,0,1,1,0,360.0,1.0,1,1,3981.0,8.289539484624141,4.553876891600541,-0.45064739506753715,-0.6037775244239294
0,0,0,1,0,360.0,1.0,0,2,4402.0,8.390041405755754,4.875197323201151,-0.38662578849037726,-0.16467791223755568
1,1,2,1,0,360.0,0.0,0,2,3881.0,8.264105763728956,4.997212273764115,-0.46585442750866773,0.042674682406009724
0,0,0,0,0,300.0,1.0,2,2,3767.0,8.234299635696253,4.90527477843843,-0.4831904444915567,-0.1158890664390697
1,1,0,0,1,360.0,1.0,2,2,7308.0,8.896861744480391,4.836281906951478,0.05529057424887845,-0.22566396948566314
1,1,0,1,0,360.0,1.0,0,0,4887.0,8.494538500851432,4.897839799950911,-0.31287168115089375,-0.12808627788869117
0,0,0,0,0,360.0,1.0,0,2,5058.0,8.528924114291936,5.303304908059076,-0.2868676556765604,0.6891268892359489
1,1,3,1,0,360.0,0.0,1,2,4544.0,8.421783006611578,5.176149732573829,-0.36503180242397176,0.396393814445033
0,1,0,0,0,360.0,1.0,1,1,6486.0,8.777555453213056,5.209486152841421,-0.0697112324172152,0.469577083142762
1,1,2,1,0,180.0,1.0,0,2,2687.0,7.89655270164304,3.9318256327243257,-0.6474263948557674,-1.140454828207275
1,0,0,0,0,360.0,0.0,0,0,5124.0,8.54188580400661,4.8283137373023015,-0.2768310142654142,-0.23786118093528463
1,1,0,0,0,360.0,1.0,1,0,8250.0,9.018089684104343,5.583496308781699,0.19854081984432886,1.481945633461346
1,1,3,0,0,360.0,1.0,2,1,3029.0,8.016317898503415,4.605170185988092,-0.5954183439071006,-0.5427914671758219
1,1,0,0,0,360.0,1.0,1,1,12049.5,9.722744748855389,4.709530201312334,1.4823184985245752,-0.4086221412299855
1,0,0,0,0,360.0,1.0,0,1,4690.0,8.453401058328458,4.844187086458591,-0.3428295350599211,-0.21346675803604165
1,0,0,0,0,360.0,1.0,0,1,6211.0,8.734238184268579,4.499809670330265,-0.1115305716303244,-0.6647635816720369
0,0,1,0,0,360.0,1.0,1,0,4723.0,8.460411177317253,4.406719247264253,-0.33781121435434797,-0.7623412732690088
0,1,0,0,0,360.0,1.0,1,1,2928.0,7.982416346827733,4.875197323201151,-0.6107774466726426,-0.16467791223755568
1,1,0,0,0,360.0,1.0,0,2,7393.0,8.908424139496578,5.0689042022202315,0.06821655182383947,0.17684400835184616
1,1,0,0,0,360.0,1.0,1,1,12049.5,9.5876803163585,6.07993319509559,1.1616021843411308,3.5676687913466214
1,1,2,0,0,360.0,1.0,2,1,11179.0,9.32188174670909,5.303304908059076,0.6439548000450446,0.6891268892359489
1,1,0,0,0,180.0,1.0,1,1,4600.0,8.434028950155469,4.30406509320417,-0.35651586425693865,-0.8599189648659809
1,1,1,0,0,360.0,1.0,1,1,6325.0,8.752423403865594,5.170483995038151,-0.09419455464743551,0.38419660299541153
0,0,0,0,0,360.0,1.0,2,0,2378.0,7.774435510302958,2.302585092994046,-0.6944161250988609,-1.6405404976417564
1,1,0,1,0,180.0,1.0,2,0,6200.0,8.732465848349879,4.836281906951478,-0.11320334519884877,-0.22566396948566314
1,1,0,0,0,360.0,1.0,1,1,8588.0,9.058237593766226,5.170483995038151,0.24994058949535033,0.38419660299541153
1,1,1,1,0,360.0,1.0,1,2,5409.0,8.596004371840527,4.2626798770413155,-0.23349097180819195,-0.8965105992148453
1,1,0,0,1,360.0,1.0,0,2,5994.0,8.698681067461614,5.4510384535657,-0.14452983202757785,1.0794376556238368
1,1,3,1,0,360.0,1.0,0,1,3095.0,8.037866234709618,4.736198448394496,-0.5853817024959544,-0.37203050688112105
1,1,3,0,0,360.0,1.0,2,1,5703.0,8.648922962094131,4.859812404361672,-0.18878229643126793,-0.18907233513679866
0,0,0,0,0,360.0,1.0,0,2,3958.0,8.28374674710613,4.709530201312334,-0.4541450125289972,-0.4086221412299855
1,1,2,0,0,360.0,1.0,2,1,5780.0,8.662331957082475,5.262690188904886,-0.17707288145159736,0.591549197638977
1,1,2,0,0,360.0,1.0,0,1,3664.0,8.206583614320753,4.624972813284271,-0.4988536879059212,-0.518397044276579
1,1,2,0,0,360.0,1.0,2,2,4358.0,8.379997952238393,4.709530201312334,-0.39331688276447474,-0.4086221412299855
1,1,2,0,0,360.0,1.0,2,2,4886.0,8.494333897270154,4.61512051684126,-0.3130237514753051,-0.5305942557262004
1,1,0,0,0,360.0,0.0,1,0,5297.0,8.575084669832014,4.919980925828125,-0.2505228481422582,-0.0914946435398267
1,1,2,1,0,480.0,0.0,0,2,4136.0,8.327726166461412,5.0106352940962555,-0.4270764947837847,0.06706910530525272
0,0,0,0,0,480.0,1.0,0,1,4328.0,8.37309184744198,4.736198448394496,-0.3978789924968139,-0.37203050688112105
1,1,2,0,0,360.0,1.0,0,1,5614.0,8.633196867172543,5.0689042022202315,-0.20231655530387418,0.17684400835184616
1,1,1,0,0,480.0,1.0,1,1,4725.0,8.460834457746854,4.820281565605037,-0.33750707370552535,-0.2500583923849061
1,0,1,0,0,360.0,1.0,1,2,12049.5,9.952325334619427,3.713572066704308,2.1374374560884823,-1.26242694270349
0,1,1,0,0,360.0,1.0,2,2,5304.0,8.576405051048084,4.74493212836325,-0.2494583558713791,-0.35983329543149956
1,1,0,1,1,360.0,1.0,2,2,5293.0,8.574329382787047,4.532599493153256,-0.25113112943990346,-0.6281719473231724
1,1,0,0,0,180.0,1.0,2,1,5740.0,8.655388690167637,4.795790545596741,-0.1831556944280496,-0.2866500267337706
1,1,0,1,0,360.0,0.0,0,0,6096.0,8.715552125907816,5.389071729816501,-0.12901865893762463,0.9086766953291358
1,1,3,0,1,360.0,1.0,1,1,7040.0,8.859505484519133,5.236441962829949,0.014535727306648401,0.5305631403908695
0,0,1,0,1,360.0,1.0,1,1,7451.0,8.916237731721479,4.836281906951478,0.07703663063969524,-0.22566396948566314
1,1,1,0,0,360.0,1.0,1,2,5158.0,8.54849804124465,4.653960350157523,-0.2716606232354298,-0.4818054099277145
1,1,1,1,0,360.0,1.0,0,1,4867.0,8.490438454107418,4.836281906951478,-0.3159130876391199,-0.22566396948566314
1,0,3,0,0,360.0,1.0,0,1,9167.0,9.12347443895452,5.225746673713202,0.3379893073294966,0.5061687174916265
1,1,0,0,0,360.0,1.0,2,1,4570.0,8.427487278331744,5.081404364984463,-0.3610779739892778,0.20123843125108914
1,0,0,0,0,360.0,1.0,1,1,5050.0,8.527341522468053,4.77912349311153,-0.2880842182718509,-0.3110444496330136
1,1,2,0,1,360.0,1.0,2,0,12049.5,9.980494888896912,5.480638923341991,2.2286796507352657,1.164818135771187
1,1,2,1,0,300.0,1.0,2,1,3414.0,8.13593277200489,4.110873864173311,-0.5368712690087477,-1.0184827137110601
1,1,3,0,0,360.0,0.0,0,0,12049.5,11.302216779257382,5.8888779583328805,11.261656920766853,2.640680721175388
1,1,2,1,0,360.0,1.0,2,1,5093.0,8.535818655539403,4.406719247264253,-0.2815451943221647,-0.7623412732690088
1,0,2,1,0,360.0,0.0,2,2,3158.0,8.058010800802085,4.795790545596741,-0.5758012720580421,-0.2866500267337706
1,1,0,0,0,360.0,1.0,1,1,9862.0,9.196545660953994,5.170483995038151,0.44367818279535437,0.38419660299541153
1,1,1,0,0,360.0,1.0,0,1,5938.0,8.68929604801586,5.081404364984463,-0.153045770194611,0.20123843125108914
1,1,3,0,0,360.0,1.0,2,2,8816.0,9.084436955087027,5.288267030694535,0.28461262346112814,0.6525352548870844
1,1,1,0,0,360.0,1.0,2,2,12049.5,9.420114955551439,4.836281906951478,0.8194439544156918,-0.22566396948566314
1,1,1,0,0,360.0,0.0,2,2,6300.0,8.748463629942055,4.836281906951478,-0.09799631275771815,-0.22566396948566314
1,1,2,1,1,360.0,1.0,0,0,7383.0,8.907070776182689,5.236441962829949,0.06669584857972641,0.5305631403908695
1,1,1,0,0,360.0,0.0,0,0,4704.0,8.45638105201948,4.990432586778736,-0.3407005505181628,0.030477470956388232
1,1,0,1,0,360.0,1.0,0,1,5686.0,8.645938147306799,5.049856007249537,-0.19136749194626013,0.14025237400298168
1,0,0,1,0,120.0,1.0,1,1,3620.0,8.19450550976564,3.258096538021482,-0.5055447821800186,-1.4453851144478125
1,1,2,0,0,360.0,1.0,2,1,4340.0,8.375860015299594,4.700480365792417,-0.3960541486038782,-0.420819352679607
0,0,0,0,0,360.0,0.0,2,0,3180.0,8.064950891749143,4.276666119016055,-0.5724557249209934,-0.8843133877652238
1,1,2,0,0,84.0,1.0,2,1,3620.0,8.19450550976564,4.6913478822291435,-0.5055447821800186,-0.4330165641292285
1,1,0,0,0,360.0,1.0,1,1,6277.0,8.744806737401898,4.90527477843843,-0.1014939302191782,-0.1158890664390697
1,1,0,0,0,360.0,1.0,2,1,2400.0,7.783640596221253,4.330733340286331,-0.6910705779618121,-0.8355245419667378
0,0,0,0,0,360.0,1.0,2,1,2500.0,7.824445930877619,4.219507705176107,-0.6758635455206815,-0.9331022335637098
1,1,0,0,0,360.0,1.0,0,1,5772.0,8.660947155060933,4.867534450455582,-0.17828944404688782,-0.17687512368717717
1,0,2,0,0,360.0,0.0,0,0,3547.0,8.17413934342947,4.394449154672439,-0.516645915862044,-0.7745384847186303
1,1,0,0,0,180.0,0.0,1,2,6331.0,8.753371421000903,5.017279836814924,-0.09328213270096766,0.07926631675487421
1,0,0,0,0,360.0,1.0,1,1,4750.0,8.46611040118692,4.553876891600541,-0.3337053155952427,-0.6037775244239294
1,1,0,0,1,180.0,1.0,1,2,7454.0,8.916640227198839,4.812184355372417,0.07749284161292914,-0.2622556038345276
1,1,2,1,0,180.0,1.0,2,1,7551.0,8.929567707825337,4.897839799950911,0.09224366308082585,-0.12808627788869117
0,0,1,1,0,360.0,1.0,0,0,4606.0,8.435332164935916,4.406719247264253,-0.3556034423104708,-0.7623412732690088
1,1,1,0,0,360.0,1.0,1,1,3750.0,8.229777750081887,4.762173934797756,-0.4857756400065489,-0.33543887253225657
1,1,0,0,0,300.0,1.0,0,1,12049.5,9.659311868393488,5.170483995038151,1.3262943456785752,0.38419660299541153
0,0,1,0,0,360.0,1.0,2,0,2600.0,7.8636512654486515,5.081404364984463,-0.660656513079551,0.20123843125108914
1,0,0,0,0,360.0,0.0,0,2,7733.0,8.953381472167242,5.303304908059076,0.11992046212368357,0.6891268892359489
1,1,0,0,0,300.0,1.0,1,2,3863.0,8.259458195332408,4.2626798770413155,-0.46859169334807127,-0.8965105992148453
1,0,0,0,0,480.0,1.0,2,2,4333.0,8.374246182096304,4.204692619390966,-0.39711864087475734,-0.9452994450133313
1,1,3,0,0,360.0,0.0,1,0,12049.5,9.73014555852275,6.206575926724928,1.5011752187515772,4.28730426687429
1,1,2,0,0,360.0,1.0,1,1,3760.0,8.232440158470336,4.912654885736052,-0.4842549367624358,-0.1036918549894482
1,1,1,0,0,360.0,1.0,2,2,4126.0,8.325306029752582,4.8283137373023015,-0.42859719802789775,-0.23786118093528463
1,1,0,1,0,360.0,1.0,0,2,5668.0,8.642768014324304,5.0106352940962555,-0.19410475778566366,0.06706910530525272
1,1,3,0,1,360.0,1.0,0,2,8369.0,9.032409163483521,5.017279836814924,0.2166371884492743,0.07926631675487421
0,1,2,0,0,360.0,0.0,1,2,6443.0,8.770904744296866,5.176149732573829,-0.07625025636690137,0.396393814445033
1,0,0,0,1,360.0,1.0,2,1,7167.0,8.877381954654766,4.859812404361672,0.03384865850688428,-0.18907233513679866
1,1,0,0,0,360.0,1.0,0,2,5333.0,8.58185670474196,4.51085950651685,-0.2450483164634512,-0.6525663702224154
1,1,3,0,0,360.0,1.0,2,0,5250.0,8.566173813637858,4.553876891600541,-0.2576701533895896,-0.6037775244239294
1,0,0,1,0,360.0,1.0,1,1,6783.0,8.822322177471738,4.875197323201151,-0.024546346067057283,-0.16467791223755568
1,1,0,0,1,360.0,1.0,1,1,9993.0,9.20974019190415,4.2626798770413155,0.46359939529323546,-0.8965105992148453
0,1,1,0,0,360.0,1.0,1,1,12000.0,9.392745258631441,6.208590026096629,0.768804536386727,4.299501478323911
1,0,0,0,0,360.0,1.0,2,1,4950.0,8.507344855361422,4.836281906951478,-0.30329125071298146,-0.22566396948566314
1,1,0,1,0,360.0,1.0,2,1,4941.0,8.505525386548555,4.795790545596741,-0.3046598836326832,-0.2866500267337706
1,1,3,0,0,480.0,0.0,2,2,3679.0,8.210668031162976,4.962844630259907,-0.4965726330397516,-0.018311374842097744
1,1,2,1,0,360.0,0.0,0,2,6697.0,8.80956425335415,5.198497031265826,-0.03762439396642961,0.445182660243519
1,0,0,1,0,360.0,0.0,0,0,6045.0,8.707152175339404,4.7535901911063645,-0.13677424548260123,-0.34763608398187806
1,1,0,0,0,360.0,1.0,2,1,10039.0,9.214332393245721,5.783825182329737,0.47059463021615555,2.2015811089890143
1,1,0,0,0,360.0,1.0,2,2,4239.0,8.352318548226004,4.736198448394496,-0.41141325136942014,-0.37203050688112105
1,1,3,0,0,360.0,1.0,2,2,12049.5,11.191755548357458,5.8888779583328805,9.973469202678679,2.640680721175388
1,1,2,0,0,360.0,1.0,2,2,5999.0,8.699514748210191,4.983606621708336,-0.14376948040552132,0.018280259506766736
1,1,2,1,0,180.0,1.0,1,1,3618.0,8.193953023563742,4.736198448394496,-0.5058489228288413,-0.37203050688112105
1,0,0,0,0,360.0,1.0,1,1,5762.0,8.659213451436667,4.976733742420574,-0.17981014729100087,0.006083048057145243
1,0,0,1,0,480.0,0.0,2,0,3784.0,8.23880116587155,4.634728988229636,-0.4806052489765644,-0.5061998328269575
1,0,0,0,0,360.0,1.0,0,1,9508.0,9.159993997539445,5.236441962829949,0.389845287953752,0.5305631403908695
1,1,2,0,0,360.0,1.0,0,2,8667.0,9.067393362656249,5.541263545158426,0.2619541451238435,1.3477763075155096
1,1,3,0,0,360.0,1.0,0,1,12049.5,9.61587214452889,5.707110264748875,1.2250155096206454,1.9088480341980982
1,0,0,0,0,360.0,1.0,2,0,12049.5,10.482177411118249,4.51085950651685,4.368765326175578,-0.6525663702224154
1,1,1,0,0,360.0,1.0,1,0,12049.5,10.077860939480908,5.857933154483459,2.564602997359841,2.5065113952295515
1,1,0,0,0,360.0,1.0,2,1,3677.0,8.210124405164267,4.51085950651685,-0.4968767736885742,-0.6525663702224154
1,1,0,1,0,360.0,0.0,1,0,4511.0,8.414495793177895,4.762173934797756,-0.3700501231295449,-0.33543887253225657
1,1,2,0,0,360.0,1.0,0,1,11500.0,9.350189267092581,5.111987788356544,0.6927693741810739,0.2622244884991966
1,1,2,0,0,360.0,1.0,1,1,5726.0,8.652947112393857,4.762173934797756,-0.18528467896980788,-0.33543887253225657
0,0,0,0,0,360.0,1.0,2,2,3644.0,8.201111644442758,4.709530201312334,-0.5018950943941474,-0.4086221412299855
1,0,0,0,0,360.0,1.0,1,2,12049.5,10.289396003095074,4.875197323201151,3.4175654469828576,-0.16467791223755568
1,1,3,1,0,360.0,1.0,0,0,4234.0,8.351138607086154,5.159055299214529,-0.4121736029914767,0.35980218009616854
1,0,0,0,0,360.0,0.0,0,0,6500.0,8.77971129020447,4.663439094112067,-0.06758224787545693,-0.469608198478093
0,0,1,0,0,360.0,1.0,1,1,3652.0,8.203304026795282,4.564348191467836,-0.5006785317988569,-0.5915803129743079
0,1,0,0,0,360.0,1.0,1,2,5533.0,8.618666160346871,4.6913478822291435,-0.21463425158118998,-0.4330165641292285
1,1,1,1,0,360.0,1.0,2,1,4583.0,8.430327258394575,4.912654885736052,-0.35910105977193085,-0.1036918549894482
0,0,1,1,0,360.0,1.0,1,2,2226.0,7.708410667257367,4.0943445622221,-0.7175308144093795,-1.0306799251606817
1,0,0,0,0,360.0,1.0,1,1,4133.0,8.327000740241713,4.812184355372417,-0.4275327057570186,-0.2622556038345276
1,1,0,0,0,360.0,1.0,0,1,4801.0,8.4767877767812,4.709530201312334,-0.3259497290502661,-0.4086221412299855
1,1,3,1,1,60.0,1.0,2,1,7100.0,8.867990898182093,4.836281906951478,0.02365994677132677,-0.22566396948566314
1,0,0,0,0,360.0,0.0,0,2,8914.0,9.09549053029724,5.236441962829949,0.2995155152534361,0.5305631403908695
1,1,0,0,0,360.0,1.0,0,0,12049.5,9.936341889407075,4.836281906951478,2.0867980380595172,-0.22566396948566314
1,1,0,1,0,360.0,0.0,0,2,4251.0,8.355144739461839,4.709530201312334,-0.40958840747648445,-0.4086221412299855
1,0,0,0,0,360.0,1.0,2,1,3750.0,8.229777750081887,4.61512051684126,-0.4857756400065489,-0.5305942557262004
1,1,2,1,0,360.0,1.0,0,0,2281.0,7.732807530422021,4.736198448394496,-0.7091669465667576,-0.37203050688112105
1,0,0,0,0,480.0,1.0,2,0,3750.0,8.229777750081887,4.736198448394496,-0.4857756400065489,-0.37203050688112105
1,0,0,0,0,360.0,1.0,1,2,4476.0,8.406708458240965,4.68213122712422,-0.37537258448394056,-0.44521377557885
1,1,2,1,0,360.0,1.0,0,1,4652.0,8.445267451844648,4.709530201312334,-0.3486082073875507,-0.4086221412299855
1,1,0,0,1,360.0,1.0,0,1,5970.0,8.694669696546992,5.1298987149230735,-0.14817951981344918,0.2988161228480611
1,1,0,0,0,360.0,1.0,2,1,11146.0,9.318925682389624,4.919980925828125,0.6389364793394715,-0.0914946435398267
1,1,0,0,0,360.0,1.0,2,0,5746.0,8.656433258507741,5.545177444479562,-0.18224327248158176,1.359973518965131
1,1,1,0,0,360.0,1.0,2,0,12049.5,9.816512538521721,6.2166061010848646,1.7318659008835287,4.348290324122397
1,1,1,0,0,360.0,1.0,2,1,3612.0,8.19229373114764,4.454347296253507,-0.5067613447753091,-0.7135524274705228
1,1,0,1,0,360.0,1.0,0,2,12049.5,9.479145388658274,4.836281906951478,0.9334966977241715,-0.22566396948566314
1,1,2,0,0,360.0,1.0,2,1,5318.0,8.579040594742317,5.003946305945459,-0.2473293713296208,0.05487189385563122
0,1,0,1,0,360.0,1.0,1,1,3680.0,8.210939733379021,4.634728988229636,-0.4964205627153403,-0.5061998328269575
0,1,0,0,0,360.0,1.0,1,1,3166.0,8.06054004653864,3.6109179126442243,-0.5745847094627516,-1.311215788501976
1,1,3,0,0,360.0,1.0,0,1,12049.5,10.077608912764743,5.916202062607435,2.563690575413373,2.7626528356716027
0,1,0,0,0,360.0,1.0,1,1,5450.0,8.603554357064281,5.043425116919247,-0.2272560885073284,0.1280551625533602
0,0,0,0,1,360.0,1.0,2,1,2500.0,7.824445930877619,4.543294782270004,-0.6758635455206815,-0.6159747358735509
1,1,0,0,0,360.0,1.0,0,2,5225.0,8.561401446080557,4.969813299576001,-0.26147191149987226,-0.00611416339247625
1,1,0,0,0,360.0,1.0,0,0,5566.0,8.624611588183507,4.912654885736052,-0.2096159308756169,-0.1036918549894482
1,0,0,0,0,360.0,1.0,2,2,10130.0,9.223355309053677,5.236441962829949,0.48443302973758445,0.5305631403908695
1,0,0,0,0,360.0,1.0,1,2,4223.0,8.348537825386098,4.812184355372417,-0.41384637656000106,-0.2622556038345276
1,1,0,0,0,360.0,1.0,0,0,12049.5,10.126511096649761,6.3473892096560105,2.7451104724360618,5.202095125595902
0,0,0,0,0,360.0,1.0,0,0,3418.0,8.137103389639302,4.912654885736052,-0.5362629877111025,-0.1036918549894482
1,1,1,0,0,360.0,1.0,2,1,5649.0,8.639410824140487,3.8066624897703196,-0.19699409394947848,-1.213638096905004
1,1,0,0,0,360.0,1.0,0,1,8875.0,9.091106284052485,5.236441962829949,0.2935847726013952,0.5305631403908695
1,1,1,0,0,360.0,1.0,1,0,5708.0,8.64979915596426,5.14166355650266,-0.1880219448092114,0.32321054574730407
1,0,0,0,1,180.0,1.0,0,2,9200.0,9.127067452782361,4.59511985013459,0.3430076280350697,-0.5549886786254434
0,0,3,0,0,360.0,0.0,0,2,7638.0,8.94102198354136,5.0369526024136295,0.10547378130460948,0.11585795110373868
1,1,0,1,0,360.0,1.0,2,2,5873.0,8.678291111758565,5.111987788356544,-0.1629303412813459,0.2622244884991966
0,0,0,0,0,360.0,1.0,0,1,7200.0,8.881975184248867,4.795790545596741,0.03886697921245739,-0.2866500267337706
1,0,1,0,0,360.0,1.0,1,1,12049.5,10.537945736747394,5.030437921392435,4.67990120992111,0.10366073965411719
0,0,3,0,0,360.0,1.0,1,2,4083.0,8.314832179284556,4.6443908991413725,-0.4351362219775839,-0.49400262137733597
1,0,0,0,0,360.0,1.0,0,1,6500.0,8.77971129020447,4.948759890378168,-0.06758224787545693,-0.04270579774134073
0,0,0,0,0,360.0,1.0,0,0,2378.0,7.774435510302958,3.8501476017100584,-0.6944161250988609,-1.189243674005761
1,1,0,0,0,360.0,1.0,1,2,3467.0,8.151333337900432,3.58351893845611,-0.5288115418149485,-1.3234129999515976
1,1,0,0,0,360.0,1.0,1,1,5690.0,8.646641258603124,4.836281906951478,-0.19075921064861492,-0.22566396948566314
1,1,0,1,0,360.0,1.0,0,1,6314.0,8.750683034784592,5.272999558563747,-0.09586732821595988,0.6159436205382199
1,0,0,0,0,360.0,1.0,0,2,5167.0,8.550241045462437,4.875197323201151,-0.27029199031572804,-0.16467791223755568
0,1,0,1,0,360.0,1.0,1,1,3572.0,8.181160858023409,4.61512051684126,-0.5128441577517614,-0.5305942557262004
0,1,0,0,1,360.0,0.0,0,0,5500.0,8.612685172875459,4.663439094112067,-0.21965257228676308,-0.469608198478093
0,1,0,0,0,480.0,1.0,1,2,2666.0,7.888709524182015,4.442651256490317,-0.6506198716684047,-0.7257496389201443
1,0,0,0,1,180.0,1.0,1,1,6950.0,8.846640813100485,5.170483995038151,0.0008493981096308461,0.38419660299541153
1,1,1,0,1,360.0,1.0,1,1,5529.0,8.61794309451638,5.093750200806762,-0.2152425328788352,0.22563285415033213
0,0,0,0,0,360.0,0.0,1,0,3300.0,8.101980731853192,4.6443908991413725,-0.5542072859916366,-0.49400262137733597
1,1,1,0,0,360.0,1.0,2,2,4576.0,8.428799040653642,4.844187086458591,-0.36016555204281,-0.21346675803604165
1,1,0,0,0,360.0,1.0,1,1,4567.0,8.426830751335846,4.7535901911063645,-0.3615341849625117,-0.34763608398187806
1,1,0,0,0,360.0,1.0,2,1,6100.0,8.716207971151853,4.7535901911063645,-0.1284103776399794,-0.34763608398187806
1,1,3,0,0,360.0,1.0,2,2,12049.5,9.636457419815208,5.236441962829949,1.2724614508369727,0.5305631403908695
1,1,1,0,1,360.0,1.0,2,2,7500.0,8.922791623969637,4.330733340286331,0.08448807653584924,-0.8355245419667378
1,1,2,0,0,360.0,1.0,0,2,5128.0,8.542665987389269,4.969813299576001,-0.27622273296776895,-0.00611416339247625
0,0,0,1,0,360.0,1.0,0,1,2213.0,7.7025561132685825,4.204692619390966,-0.7195077286267264,-0.9452994450133313
1,0,2,0,0,360.0,1.0,1,1,3617.0,8.193676665955241,4.68213122712422,-0.5060009931532525,-0.44521377557885
0,0,0,0,0,360.0,1.0,1,2,3250.0,8.086717920303906,4.564348191467836,-0.5618108022122019,-0.5915803129743079
1,0,0,0,0,360.0,1.0,2,1,11376.0,9.339349052539717,5.220355825078324,0.6739126539540718,0.49397150604200496
1,1,0,0,0,360.0,1.0,0,1,5461.0,8.60557030203365,4.762173934797756,-0.225583314938804,-0.33543887253225657
1,0,0,0,1,180.0,1.0,2,0,10383.0,9.248021438943871,4.795790545596741,0.5229068218136449,-0.2866500267337706
1,0,0,0,0,360.0,1.0,1,2,5243.0,8.56483984488359,4.844187086458591,-0.2587346456604688,-0.21346675803604165
1,1,0,1,0,360.0,1.0,1,2,3774.0,8.236155661683124,4.51085950651685,-0.4821259522206775,-0.6525663702224154
1,0,0,0,0,360.0,0.0,2,2,6500.0,8.77971129020447,4.276666119016055,-0.06758224787545693,-0.8843133877652238
1,1,1,0,0,360.0,1.0,0,2,7245.0,8.888204871455022,4.61512051684126,0.045710143810966164,-0.5305942557262004
1,0,0,0,0,360.0,1.0,2,1,3254.0,8.08794755464267,3.9318256327243257,-0.5612025209145567,-1.140454828207275
1,1,0,0,0,360.0,1.0,0,1,5704.0,8.649098262296176,4.795790545596741,-0.18863022610685662,-0.2866500267337706
1,1,0,0,0,180.0,1.0,0,1,7159.0,8.87626525995469,4.962844630259907,0.032632095911593835,-0.018311374842097744
1,1,0,0,0,360.0,0.0,2,0,5230.0,8.562357743370612,4.653960350157523,-0.26071155987781575,-0.4818054099277145
0,0,0,0,0,360.0,0.0,1,2,3500.0,8.160803920954665,4.553876891600541,-0.5237932211093754,-0.6037775244239294
0,0,0,0,0,360.0,0.0,2,0,3510.0,8.163656176168432,4.343805421853684,-0.5222725178652623,-0.8233273305171163
1,0,0,0,0,360.0,1.0,0,1,5505.0,8.613593685702552,4.836281906951478,-0.21889222066470657,-0.22566396948566314
1,1,2,1,0,360.0,1.0,0,1,5191.0,8.554874258383926,4.836281906951478,-0.2666423025298567,-0.22566396948566314
0,0,3,0,0,360.0,1.0,0,1,3083.0,8.03398273468322,5.545177444479562,-0.58720654638889,1.359973518965131
1,0,0,0,0,360.0,1.0,2,2,5314.0,8.57828829077605,4.997212273764115,-0.24793765262726603,0.042674682406009724
0,1,1,1,0,360.0,1.0,2,2,6338.0,8.754476306284166,5.147494476813453,-0.09221764043008852,0.33540775719692556
1,0,0,1,0,360.0,1.0,0,1,4885.0,8.494129251817686,3.8918202981106265,-0.31317582179971637,-1.164849251106518
1,1,1,0,0,180.0,1.0,0,1,12049.5,9.5876803163585,5.225746673713202,1.1616021843411308,0.5061687174916265
1,1,1,0,0,360.0,1.0,1,1,5900.0,8.682877107057168,5.159055299214529,-0.15882444252224062,0.35980218009616854
1,1,1,0,0,360.0,0.0,2,0,12049.5,9.521568058002977,5.198497031265826,1.019720571665382,0.445182660243519
1,1,0,1,0,360.0,1.0,1,1,4625.0,8.439447842791385,4.663439094112067,-0.352714106146656,-0.469608198478093
1,0,0,0,0,360.0,1.0,0,2,3391.0,8.129174996911793,4.890349128221754,-0.5403688864702078,-0.14028348933831267
0,1,0,0,0,360.0,1.0,2,2,12049.5,9.457669090078747,4.574710978503383,0.8912211475378284,-0.5793831015246864
1,1,0,0,0,360.0,1.0,1,2,6750.0,8.81744592104187,4.948759890378168,-0.029564666772630387,-0.04270579774134073
1,1,3,0,0,180.0,1.0,1,2,4720.0,8.459775920546287,4.51085950651685,-0.33826742532758186,-0.6525663702224154
1,1,2,0,0,180.0,1.0,2,2,11379.0,9.339612707680322,5.225746673713202,0.6743688649273059,0.5061687174916265
1,1,0,1,0,360.0,0.0,1,0,4874.0,8.491875383431948,4.820281565605037,-0.3148485953682407,-0.2500583923849061
1,0,0,0,0,360.0,1.0,0,2,12049.5,9.757536497051824,4.672828834461906,1.5721920602516573,-0.4574109870284715
0,0,0,0,0,360.0,1.0,2,1,3410.0,8.134760782418645,4.48863636973214,-0.5374795503063929,-0.6769607931216584
0,0,0,0,0,180.0,1.0,1,2,5769.0,8.660427359502146,4.709530201312334,-0.1787456550201217,-0.4086221412299855
1,1,1,0,0,360.0,1.0,2,1,9538.0,9.163143937145207,5.236441962829949,0.3944073976860912,0.5305631403908695
0,0,0,1,0,360.0,1.0,1,2,1760.0,7.473637108496206,5.198497031265826,-0.7883955855850481,0.445182660243519
1,1,3,0,0,300.0,1.0,2,1,12049.5,10.85445020594156,6.55250788703459,6.815576845953494,6.787732614046695
1,0,1,1,0,240.0,1.0,2,1,3596.0,8.187855443695623,4.61512051684126,-0.50919446996589,-0.5305942557262004
1,1,1,0,0,360.0,1.0,1,1,8069.0,8.995908761263994,5.5254529391317835,0.17101609112588242,1.2989874617170236
0,1,0,0,0,360.0,0.0,2,0,6085.0,8.713746330456916,4.795790545596741,-0.13069143250614898,-0.2866500267337706
1,1,1,0,1,240.0,1.0,0,2,5715.0,8.651024539049757,4.477336814478207,-0.18695745253833226,-0.6891580045712798
0,0,0,0,0,360.0,1.0,2,2,2362.0,7.767687277186908,4.02535169073515,-0.6968492502894418,-1.0794687709591677
1,1,3,0,0,360.0,1.0,0,1,6894.0,8.838551790227402,5.017279836814924,-0.0076665400574022985,0.07926631675487421
1,1,0,0,0,180.0,1.0,0,2,2767.0,7.92588031673756,3.367295829986474,-0.6352607689028628,-1.408793480098948
0,0,0,1,0,360.0,1.0,0,1,4350.0,8.37816098272068,5.043425116919247,-0.39453344535976514,0.1280551625533602
0,0,0,0,0,360.0,1.0,2,1,3477.0,8.154212694914229,4.007333185232471,-0.5272908385708355,-1.091665982408789
1,1,1,0,0,360.0,1.0,1,2,6864.0,8.834191318202071,5.225746673713202,-0.012228649789741483,0.5061687174916265
1,0,0,0,0,180.0,1.0,2,2,5324.0,8.580167990577626,4.836281906951478,-0.24641694938315298,-0.22566396948566314
1,1,0,0,0,360.0,1.0,0,0,3250.0,8.086717920303906,5.14166355650266,-0.5618108022122019,0.32321054574730407
1,1,0,0,0,360.0,1.0,1,1,5052.0,8.527737405291909,4.812184355372417,-0.28778007762302826,-0.2622556038345276
1,1,0,0,0,360.0,1.0,1,2,5030.0,8.523374050491318,4.820281565605037,-0.291125624760077,-0.2500583923849061
1,1,0,0,0,360.0,1.0,2,1,3338.0,8.113426639943654,4.836281906951478,-0.548428613664007,-0.22566396948566314
1,0,0,0,0,360.0,1.0,2,2,5821.0,8.669399124305569,4.795790545596741,-0.1708379981507338,-0.2866500267337706
1,0,0,0,1,360.0,1.0,0,1,6822.0,8.828054536815424,4.955827057601261,-0.018615603415016342,-0.030508586291719236
1,0,0,0,1,360.0,1.0,0,1,6400.0,8.764209507142004,5.303304908059076,-0.08278928031658754,0.6891268892359489
0,1,0,0,0,360.0,1.0,1,1,5126.0,8.5422759717837,4.976733742420574,-0.27652687361659156,0.006083048057145243
0,1,0,0,0,360.0,1.0,1,2,4709.0,8.457443187010464,4.736198448394496,-0.33994019889610627,-0.37203050688112105
0,0,0,0,0,360.0,1.0,2,1,4223.0,8.348537825386098,4.709530201312334,-0.41384637656000106,-0.4086221412299855
1,1,0,0,0,360.0,1.0,2,0,6784.0,8.82246957226897,4.709530201312334,-0.024394275742645976,-0.4086221412299855
1,0,2,0,0,360.0,1.0,2,2,2400.0,7.783640596221253,3.8501476017100584,-0.6910705779618121,-1.189243674005761
1,1,0,0,0,360.0,1.0,2,2,4332.0,8.374015421739909,4.6913478822291435,-0.3972707111991687,-0.4330165641292285
1,1,3,0,0,360.0,1.0,1,2,6835.0,8.829958044235482,5.241747015059643,-0.01663868919766936,0.542760351840491
1,0,0,0,0,360.0,1.0,0,1,4191.0,8.340933226000878,4.795790545596741,-0.41871262694116285,-0.2866500267337706
0,0,1,0,0,300.0,1.0,0,2,5062.0,8.529714471969909,5.030437921392435,-0.2862593743789152,0.10366073965411719
0,0,1,0,0,360.0,1.0,1,2,7600.0,8.936035096566041,4.532599493153256,0.09969510897697985,-0.6281719473231724
1,1,1,1,0,360.0,1.0,0,0,9352.0,9.143452426434552,4.9344739331306915,0.36612231734558826,-0.06710022064058371
1,1,0,0,0,360.0,1.0,2,2,3850.0,8.25608813381491,4.787491742782046,-0.47056860756541824,-0.2988472381833921
1,1,0,0,1,480.0,1.0,0,2,8706.0,9.071882578828616,4.6913478822291435,0.2678848877758845,-0.4330165641292285
1,0,0,0,0,360.0,1.0,2,1,6099.0,8.716044050161402,5.087596335232384,-0.1285624479643907,0.21343564270071064
0,0,0,1,0,360.0,1.0,2,2,5015.0,8.520388082312756,4.983606621708336,-0.29340667962624656,0.018280259506766736
1,1,1,0,0,360.0,0.0,1,0,4369.0,8.382518288089635,4.804021044733257,-0.39164410919595033,-0.2744528152841491
1,1,3,1,0,360.0,0.0,0,2,4652.0,8.445267451844648,4.859812404361672,-0.3486082073875507,-0.18907233513679866
1,0,0,0,0,360.0,1.0,2,0,9166.0,9.123365357961776,5.501258210544727,0.3378372370050853,1.2258041930192947
1,0,0,0,0,360.0,0.0,2,2,2750.0,7.919719760924575,4.875197323201151,-0.637845964417855,-0.16467791223755568
1,1,0,1,0,360.0,1.0,1,2,8333.0,9.0280988119824,4.976733742420574,0.21116265677046725,0.006083048057145243
1,1,2,0,0,360.0,1.0,2,2,7500.0,8.922791623969637,5.420534999272286,0.08448807653584924,0.9940571754764862
0,1,0,0,0,360.0,1.0,1,1,5262.0,8.56845648535378,4.941642422609304,-0.25584530949665396,-0.05490300919096222
1,1,0,1,1,360.0,1.0,2,0,4735.0,8.462948176563842,4.9344739331306915,-0.3359863704614123,-0.06710022064058371
1,1,0,0,1,360.0,1.0,1,2,12049.5,10.373522431293592,6.311734809152915,3.8102110246128498,4.958150896603471
1,1,0,0,0,360.0,1.0,1,1,8235.0,9.01627006814768,4.836281906951478,0.19625976497815925,-0.22566396948566314
0,0,0,1,0,360.0,0.0,2,0,2720.0,7.908754738783246,4.394449154672439,-0.6424080741501942,-0.7745384847186303
1,1,0,0,0,360.0,1.0,1,1,4663.0,8.447628728030327,4.9344739331306915,-0.34693543381902636,-0.06710022064058371
1,1,3,0,0,360.0,1.0,2,2,4910.0,8.499232866039245,4.912654885736052,-0.3093740636894337,-0.1036918549894482
1,1,0,0,0,360.0,1.0,2,1,3819.0,8.24800570160062,4.653960350157523,-0.47528278762216875,-0.4818054099277145
1,1,2,0,0,360.0,0.0,0,2,6583.0,8.792397742356906,3.912023005428146,-0.054960410949318514,-1.1526520396568967
0,0,0,0,0,360.0,1.0,2,1,10408.0,9.250426095515468,5.560681631015528,0.5267085799239275,1.408762364763617
1,1,2,0,0,360.0,1.0,2,0,4616.0,8.43750042250699,4.90527477843843,-0.35408273906635773,-0.1158890664390697
1,1,0,0,1,360.0,1.0,0,1,6327.0,8.75273950944749,5.030437921392435,-0.09389041399861289,0.10366073965411719
0,0,0,1,0,360.0,1.0,1,1,1963.0,7.582738488914411,3.9889840465642745,-0.757525309729553,-1.1038631938584107
1,1,2,0,0,360.0,1.0,0,2,5000.0,8.517393171418904,5.0106352940962555,-0.29568773449241614,0.06706910530525272
1,0,0,1,0,360.0,1.0,0,1,6506.0,8.780633799494984,4.02535169073515,-0.06666982592898908,-1.0794687709591677
0,0,0,0,0,360.0,1.0,2,2,3666.0,8.207129168071326,4.442651256490317,-0.4985495472570986,-0.7257496389201443
1,0,0,0,0,360.0,1.0,0,2,5708.0,8.64979915596426,5.017279836814924,-0.1880219448092114,0.07926631675487421
0,1,1,0,0,360.0,1.0,0,2,7917.0,8.976893927666076,5.159055299214529,0.1479014018153639,0.35980218009616854
1,1,2,0,0,360.0,1.0,2,1,5532.0,8.618485442898109,5.1298987149230735,-0.2147863219056013,0.2988161228480611
1,0,0,0,0,360.0,0.0,0,2,2858.0,7.958227192322312,4.820281565605037,-0.6214223693814339,-0.2500583923849061
1,1,0,0,0,360.0,0.0,2,0,3158.0,8.058010800802085,4.61512051684126,-0.5758012720580421,-0.5305942557262004
1,1,0,0,0,360.0,0.0,0,0,5681.0,8.645058562414134,5.0106352940962555,-0.19212784356831666,0.06706910530525272
1,1,0,0,1,360.0,1.0,2,2,5059.0,8.52912176228151,4.51085950651685,-0.2867155853521491,-0.6525663702224154
1,1,1,1,0,180.0,1.0,1,1,9762.0,9.186355009225672,5.634789603169249,0.4284711503542238,1.6527065937560468
1,1,1,0,0,360.0,1.0,2,1,3428.0,8.14002395246292,4.574710978503383,-0.5347422844669895,-0.5793831015246864
0,0,0,0,0,360.0,0.0,2,2,4428.0,8.395929103923198,4.653960350157523,-0.38267196005568327,-0.4818054099277145
1,1,0,0,0,360.0,0.0,2,0,6567.0,8.789964651132264,5.111987788356544,-0.05739353613989941,0.2622244884991966
1,0,0,1,0,360.0,1.0,1,2,4800.0,8.476579508530941,4.820281565605037,-0.32610179937467737,-0.2500583923849061
1,1,0,0,0,360.0,1.0,0,2,8449.0,9.041921720351219,5.552959584921617,0.22880281440217878,1.384367941864374
1,1,2,1,0,360.0,1.0,1,2,6412.0,8.766082459148864,4.61512051684126,-0.08096443642365186,-0.5305942557262004
0,0,1,0,0,36.0,1.0,1,0,3481.0,8.155362120328135,5.049856007249537,-0.5266825572731902,0.14025237400298168
1,1,3,0,0,180.0,1.0,0,1,4106.0,8.320448113956559,3.713572066704308,-0.43163860451612385,-1.26242694270349
0,1,1,0,0,360.0,1.0,2,1,4666.0,8.448271745949816,4.912654885736052,-0.3464792228457924,-0.1036918549894482
0,1,0,1,0,360.0,0.0,1,0,5386.0,8.591743922680534,5.187385805840755,-0.236988589269652,0.420788237344276
1,0,0,0,0,360.0,0.0,0,0,6277.0,8.744806737401898,4.77912349311153,-0.1014939302191782,-0.3110444496330136
1,0,0,0,0,360.0,1.0,0,2,8406.0,9.036819971135296,5.3471075307174685,0.22226379045249262,0.7989017922825423
1,1,2,0,0,360.0,1.0,2,2,5613.0,8.633018756921828,4.948759890378168,-0.2024686256282855,-0.04270579774134073
1,1,1,0,0,360.0,1.0,2,2,8750.0,9.076923258535832,5.697093486505405,0.2745759820499819,1.8722563998492336
1,1,2,0,1,360.0,0.0,0,0,6633.0,8.799963219506997,4.836281906951478,-0.04735689472875321,-0.22566396948566314
0,0,0,0,0,360.0,1.0,0,2,2708.0,7.904334842085095,4.189654742026425,-0.6442329180431299,-0.9574966564629528
1,1,2,0,1,360.0,1.0,1,1,6666.0,8.80492526261806,5.081404364984463,-0.0423385740231801,0.20123843125108914
1,1,1,0,0,360.0,1.0,2,1,2963.0,7.994294986415977,3.4339872044851463,-0.6054549853182468,-1.384399057199705
0,1,2,0,0,360.0,1.0,2,1,12049.5,9.60689927061335,4.2626798770413155,1.2046380861495305,-0.8965105992148453
1,1,1,0,0,360.0,0.0,1,2,6942.0,8.845489236753274,4.820281565605037,-0.00036716448565960315,-0.2500583923849061
1,1,2,0,0,360.0,1.0,0,2,4120.0,8.323851131338817,4.859812404361672,-0.4295096199743656,-0.18907233513679866
1,1,2,0,0,360.0,1.0,0,2,4115.0,8.32263709695394,5.220355825078324,-0.4302699715964221,0.49397150604200496
1,1,0,0,0,360.0,1.0,2,2,8160.0,9.007121989469242,5.225746673713202,0.1848544906473113,0.5061687174916265
1,1,0,0,0,360.0,1.0,1,1,10916.0,9.29807648628027,5.560681631015528,0.603960304724871,1.408762364763617
0,0,1,1,0,360.0,1.0,1,1,5191.0,8.554874258383926,4.890349128221754,-0.2666423025298567,-0.14028348933831267
1,1,1,0,1,360.0,0.0,0,0,12049.5,9.521494800613105,5.932245187448011,1.0195685013409708,2.835836104369332
1,1,1,0,1,300.0,0.0,0,0,2178.0,7.68662133494462,4.204692619390966,-0.7248301899811221,-0.9452994450133313
1,1,2,0,0,360.0,1.0,1,1,2957.0,7.992268643270745,4.406719247264253,-0.6063674072647146,-0.7623412732690088
1,1,2,1,0,480.0,1.0,2,2,2896.0,7.9714309977693505,4.394449154672439,-0.6156436970538043,-0.7745384847186303
1,1,0,0,0,360.0,1.0,0,1,5182.0,8.553139318189707,4.6913478822291435,-0.26801093544955845,-0.4330165641292285
1,1,0,0,0,360.0,1.0,1,1,4732.0,8.462314529906248,4.812184355372417,-0.3364425814346462,-0.2622556038345276
1,1,1,1,0,360.0,1.0,1,2,3218.0,8.076826031298808,4.812184355372417,-0.5666770525933638,-0.2622556038345276
0,0,0,1,0,360.0,1.0,2,1,4272.0,8.360071435644025,4.795790545596741,-0.406394930663847,-0.2866500267337706
0,0,0,0,0,360.0,1.0,0,1,2900.0,7.972810784121404,4.276666119016055,-0.615035415756159,-0.8843133877652238
0,1,0,1,0,360.0,1.0,0,1,4100.0,8.31898612539206,4.8283137373023015,-0.4325510264625917,-0.23786118093528463
0,0,0,0,0,480.0,0.0,2,0,5417.0,8.59748202264504,4.969813299576001,-0.2322744092129015,-0.00611416339247625
1,1,2,1,0,180.0,0.0,2,0,2889.0,7.969011781106478,3.828641396489095,-0.6167081893246834,-1.2014408854553826
0,0,0,0,0,360.0,0.0,1,1,11117.0,9.316320695513415,4.927253685157205,0.6345264399315436,-0.0792974320902052
1,1,1,0,0,360.0,1.0,1,0,12049.5,10.429605648120413,5.564520407322694,4.090932843476121,1.4209595762132385
1,1,3,1,0,180.0,1.0,2,0,3992.0,8.292298107063221,4.836281906951478,-0.4489746214990128,-0.22566396948566314
1,0,0,0,1,360.0,0.0,2,0,10416.0,9.251194365984448,5.236441962829949,0.527925142519218,0.5305631403908695
1,1,2,0,0,360.0,1.0,2,1,9703.0,9.180293450623886,4.727387818712341,0.4194990012139567,-0.38422771833074254
0,0,0,0,0,360.0,1.0,2,1,2995.0,8.005033344637111,4.110873864173311,-0.600588734937085,-1.0184827137110601
1,1,1,0,0,360.0,1.0,1,2,5459.0,8.605204068738951,4.941642422609304,-0.22588745558762663,-0.05490300919096222
1,1,1,0,0,360.0,1.0,0,2,4939.0,8.505120610181969,4.795790545596741,-0.3049640242815058,-0.2866500267337706
1,0,0,0,0,360.0,0.0,0,2,4727.0,8.461257559085935,5.017279836814924,-0.33720293305670274,0.07926631675487421
0,1,0,0,0,360.0,1.0,0,2,3833.0,8.251663923605589,4.532599493153256,-0.47315380308041044,-0.6281719473231724
1,1,0,0,0,360.0,1.0,0,0,8649.0,9.065314599925925,5.209486152841421,0.25921687928444,0.469577083142762
0,0,0,1,0,360.0,1.0,2,2,3765.0,8.233768709217097,4.836281906951478,-0.4834945851403793,-0.22566396948566314
1,0,0,0,0,360.0,1.0,1,1,12049.5,10.021315031649332,4.6443908991413725,2.3655429427054413,-0.49400262137733597
1,1,2,0,1,360.0,1.0,2,2,8492.0,9.04699757378001,5.3706380281276624,0.23534183835186495,0.8598878495306498
1,1,3,1,0,360.0,0.0,2,2,7322.0,8.89877535906107,4.941642422609304,0.05741955879063674,-0.05490300919096222
1,1,0,0,0,360.0,1.0,0,2,5000.0,8.517393171418904,4.844187086458591,-0.29568773449241614,-0.21346675803604165
0,1,2,0,0,360.0,1.0,1,1,6666.0,8.80492526261806,4.852030263919617,-0.0423385740231801,-0.20126954658642016
1,1,0,0,0,360.0,1.0,2,2,11250.0,9.328212292571072,5.62040086571715,0.6547517930782474,1.6039177479575608
1,0,0,1,0,360.0,1.0,0,2,3808.0,8.245121966478605,4.430816798843313,-0.4769555611906931,-0.7379468503697658
1,0,1,1,0,360.0,1.0,0,2,6065.0,8.710454688248527,4.61512051684126,-0.1337328389943751,-0.5305942557262004
1,1,2,1,0,360.0,1.0,2,2,5833.0,8.671458150427666,4.882801922586371,-0.16901315425779814,-0.15248070078793416
1,0,0,0,0,360.0,1.0,0,2,6319.0,8.751474487140904,4.672828834461906,-0.09510697659390334,-0.4574109870284715
1,0,0,1,0,360.0,1.0,2,2,3091.0,8.036573409707312,4.51085950651685,-0.5859899837935996,-0.6525663702224154
0,0,0,0,0,360.0,1.0,2,2,4213.0,8.346167594364134,4.394449154672439,-0.41536707980411414,-0.7745384847186303
1,1,1,0,1,360.0,1.0,0,2,4860.0,8.488999457045455,4.663439094112067,-0.31697757990999903,-0.469608198478093
1,0,0,1,0,360.0,1.0,1,1,3946.0,8.280711075662847,4.890349128221754,-0.45596985642193283,-0.14028348933831267
0,0,0,0,0,360.0,0.0,0,2,6666.0,8.80492526261806,5.093750200806762,-0.0423385740231801,0.22563285415033213
0,0,1,0,0,360.0,1.0,2,1,12049.5,9.492733482494353,3.713572066704308,0.9607172857937953,-1.26242694270349
1,1,3,0,0,360.0,0.0,2,1,6144.0,8.723394022000136,5.081404364984463,-0.12171928336588192,0.20123843125108914
1,1,2,0,0,360.0,1.0,0,2,11841.0,9.37940781309172,5.820082930352362,0.7446253548053293,2.347947646384472
1,1,0,0,0,360.0,1.0,0,1,9734.0,9.1834829178063,5.198497031265826,0.4242131812707072,0.445182660243519
1,1,0,1,0,360.0,1.0,0,1,4300.0,8.366602832783736,4.68213122712422,-0.40213696158033047,-0.44521377557885
1,1,0,1,0,360.0,0.0,0,0,7686.0,8.947285869349132,5.030437921392435,0.11277315687635218,0.10366073965411719
1,0,0,0,1,360.0,1.0,0,2,6356.0,8.757311846936409,3.9318256327243257,-0.08948037459068502,-1.140454828207275
1,0,0,1,0,360.0,1.0,0,1,5787.0,8.663542087751374,4.795790545596741,-0.1760083891807182,-0.2866500267337706
1,1,2,1,0,360.0,1.0,1,2,3623.0,8.19533366716287,4.68213122712422,-0.5050885712067847,-0.44521377557885
1,1,2,1,0,360.0,1.0,0,1,5398.0,8.593969030218288,5.062595033026967,-0.2351637453767163,0.16464679690222467
1,1,2,0,0,180.0,1.0,1,2,7152.0,8.875287128108384,4.90527477843843,0.03156760364071469,-0.1158890664390697
1,0,1,0,0,180.0,0.0,2,0,5049.0,8.527143522269405,4.718498871295094,-0.28823628859626216,-0.39642492978036403
1,1,2,1,0,360.0,1.0,2,2,4798.0,8.476162841858246,4.912654885736052,-0.3264059400235,-0.1036918549894482
1,1,3,0,1,360.0,1.0,1,2,5384.0,8.591372589590488,5.017279836814924,-0.2372927299184746,0.07926631675487421
0,0,0,0,0,360.0,1.0,1,1,8333.0,9.0280988119824,5.638354669333745,0.21116265677046725,1.6649038052056684
1,0,0,0,0,360.0,1.0,1,2,12049.5,10.280827496918445,5.225746673713202,3.3793957955556198,0.5061687174916265
0,0,2,0,0,360.0,1.0,1,2,4968.0,8.51097389160232,5.247024072160486,-0.300553984873578,0.5549575632901125
1,1,0,0,0,360.0,1.0,2,1,4192.0,8.341171747170762,4.48863636973214,-0.4185605566167515,-0.6769607931216584
1,1,0,0,0,360.0,1.0,2,2,4281.0,8.362175469149628,4.624972813284271,-0.4050262977441453,-0.518397044276579
0,0,1,1,1,360.0,1.0,1,0,3867.0,8.260492856573185,4.143134726391533,-0.46798341205042604,-0.9940882908118173
0,1,1,1,0,480.0,0.0,2,2,5235.0,8.56331312702979,4.727387818712341,-0.25995120825575924,-0.38422771833074254
0,1,3,0,0,360.0,1.0,1,2,6260.0,8.74209519574531,4.709530201312334,-0.1040791257341704,-0.4086221412299855
1,1,0,1,0,480.0,0.0,2,0,4666.0,8.448271745949816,4.61512051684126,-0.3464792228457924,-0.5305942557262004
1,1,0,0,0,360.0,1.0,0,0,12049.5,9.728181330636078,5.720311776607412,1.4961568980460043,1.9576368799965842
1,1,0,0,0,360.0,1.0,2,2,4603.0,8.434680769841773,4.8283137373023015,-0.3560596532837047,-0.23786118093528463
1,1,2,0,0,360.0,0.0,1,2,12049.5,9.40705780905387,5.117993812416755,0.7951127025098829,0.2744216999488181
1,1,0,0,0,360.0,1.0,2,2,12049.5,9.749345206007481,5.707110264748875,1.550750144509663,1.9088480341980982
1,1,2,0,0,180.0,1.0,2,1,3286.7999878,8.097973923364721,4.3694478524670215,-0.5562146161291238,-0.7989329076178733
1,1,3,0,0,360.0,1.0,0,1,12049.5,9.52857589747142,4.875197323201151,1.0343193228088674,-0.16467791223755568
1,1,2,0,0,360.0,1.0,2,0,4566.0,8.426611813185,4.61512051684126,-0.36168625528692305,-0.5305942557262004
1,1,0,0,0,360.0,1.0,1,1,6250.0,8.740496729931813,4.859812404361672,-0.10559982897828346,-0.18907233513679866
0,1,0,1,0,360.0,1.0,2,2,3409.0,8.134467570277563,5.204006687076795,-0.5376316206308043,0.4573798716931405
1,1,3,0,0,360.0,1.0,2,2,10916.0,9.29807648628027,5.017279836814924,0.603960304724871,0.07926631675487421
1,1,3,0,0,360.0,1.0,1,1,4691.0,8.453614209773367,4.61512051684126,-0.34267746473550975,-0.5305942557262004
1,1,2,1,0,360.0,1.0,2,1,5251.0,8.566364235422688,4.844187086458591,-0.2575180830651783,-0.21346675803604165
1,1,2,0,0,360.0,1.0,0,1,7926.0,8.978029932837156,5.497168225293202,0.14927003473506564,1.213606981569673
1,0,0,0,0,360.0,0.0,0,2,12049.5,10.085850775128717,5.003946305945459,2.5936484293224007,0.05487189385563122
1,1,3,1,0,180.0,0.0,1,2,5503.0,8.61323037961318,5.0689042022202315,-0.21919636131352915,0.17684400835184616
1,0,0,0,0,360.0,1.0,1,2,6478.0,8.776321456449958,4.6913478822291435,-0.07092779501250566,-0.4330165641292285
1,1,2,0,0,360.0,0.0,1,2,6107.0,8.717354666338522,4.875197323201151,-0.12734588536910024,-0.16467791223755568
1,1,0,1,1,360.0,1.0,2,2,5587.0,8.628376720376853,5.030437921392435,-0.20642245406297946,0.10366073965411719
1,1,0,0,0,360.0,0.0,0,2,4243.0,8.353261499733874,4.836281906951478,-0.4108049700717749,-0.22566396948566314
1,1,2,0,0,360.0,1.0,2,2,7070.0,8.863757191604241,5.262690188904886,0.019097837038987583,0.591549197638977
1,1,0,1,0,36.0,1.0,1,2,5205.0,8.55756708555451,4.77912349311153,-0.2645133179880984,-0.3110444496330136
0,0,0,0,0,360.0,1.0,2,1,4292.0,8.36474106822456,4.442651256490317,-0.4033535241756209,-0.7257496389201443
1,0,0,0,0,6.0,0.0,1,2,5291.0,8.573951525234847,4.564348191467836,-0.25143527008872607,-0.5915803129743079
1,0,0,0,0,360.0,1.0,2,1,5968.0,8.69433468816865,4.709530201312334,-0.1484836604622718,-0.4086221412299855
1,0,0,0,0,360.0,1.0,1,1,4897.0,8.496582237512113,4.919980925828125,-0.3113509779067807,-0.0914946435398267
1,0,0,0,0,60.0,1.0,2,1,8666.0,9.067277989134345,5.049856007249537,0.26180207479943224,0.14025237400298168
1,1,0,0,0,180.0,0.0,1,2,4456.0,8.402231172946555,4.882801922586371,-0.3784139909721667,-0.15248070078793416
1,1,0,0,0,360.0,1.0,1,1,10208.0,9.231024963169016,5.545177444479562,0.49629451504166633,1.359973518965131
1,0,0,0,0,360.0,1.0,1,0,6767.0,8.81996090128606,4.836281906951478,-0.02697947125763818,-0.22566396948566314
1,1,0,0,0,360.0,1.0,2,1,4342.0,8.376320632534823,4.836281906951478,-0.3957500079550556,-0.22566396948566314
0,1,1,0,0,180.0,1.0,1,1,7453.0,8.916506080039204,4.948759890378168,0.07734077128851784,-0.04270579774134073
1,1,0,1,0,360.0,1.0,0,1,3589.0,8.185907481482324,4.564348191467836,-0.5102589622367691,-0.5915803129743079
1,1,0,0,0,360.0,1.0,2,2,6447.0,8.771525284186465,4.61512051684126,-0.07564197506925616,-0.5305942557262004
1,1,0,0,0,360.0,1.0,0,2,6732.0,8.814776088545281,5.0238805208462765,-0.032301932612033894,0.0914635282044957
1,1,1,0,0,360.0,1.0,0,2,6825.0,8.828494129466652,5.093750200806762,-0.018159392441782423,0.22563285415033213
0,1,0,0,0,180.0,1.0,1,2,8738.0,9.075551045627543,5.111987788356544,0.27275113815704627,0.2622244884991966
1,0,0,0,0,84.0,1.0,2,2,4174.0,8.336869637284956,4.653960350157523,-0.42129782245615505,-0.4818054099277145
1,1,2,0,0,360.0,0.0,0,2,4234.0,8.351138607086154,5.365976015021851,-0.4121736029914767,0.8476906380810283
1,0,0,0,0,360.0,1.0,2,0,6782.0,8.82217476094608,4.836281906951478,-0.024698416391468588,-0.22566396948566314
1,0,0,1,1,360.0,1.0,1,1,5800.0,8.665785595466064,4.890349128221754,-0.17403147496337124,-0.14028348933831267
1,1,2,0,0,360.0,1.0,0,1,10819.0,9.289151552400472,4.795790545596741,0.5892094832569744,-0.2866500267337706
1,0,0,0,0,180.0,1.0,2,2,3073.0,8.03073492409854,4.2626798770413155,-0.5887272496330032,-0.8965105992148453
1,1,3,0,0,360.0,1.0,1,0,6406.0,8.765146421639022,5.017279836814924,-0.08187685837011971,0.07926631675487421
1,1,0,0,0,360.0,1.0,2,2,5556.0,8.622813673279921,5.231108616854587,-0.21113663411972994,0.518365928941248
1,1,0,0,1,360.0,1.0,1,1,6166.0,8.726967774991493,5.081404364984463,-0.11837373622883318,0.20123843125108914
1,1,0,1,0,360.0,0.0,2,0,4787.0,8.473868066677865,5.204006687076795,-0.3280787135920244,0.4573798716931405
1,1,0,0,0,360.0,1.0,2,2,10000.0,9.210440366976517,4.836281906951478,0.46466388756411464,-0.22566396948566314
0,0,0,0,0,360.0,1.0,2,1,3244.0,8.08487062913819,4.394449154672439,-0.5627232241586698,-0.7745384847186303
1,1,0,0,0,360.0,1.0,2,1,4698.0,8.455104999102815,4.795790545596741,-0.3416129724646306,-0.2866500267337706
1,1,2,0,0,360.0,1.0,1,2,6590.0,8.79346036105272,5.081404364984463,-0.05389591867843937,0.20123843125108914
1,1,0,0,0,360.0,1.0,2,1,4492.0,8.41027590907016,4.564348191467836,-0.3729394592933597,-0.5915803129743079
1,0,0,0,0,360.0,1.0,0,2,5000.0,8.517393171418904,5.003946305945459,-0.29568773449241614,0.05487189385563122
1,1,1,0,1,360.0,1.0,0,2,6655.0,8.803273982501045,5.3612921657094255,-0.04401134759170447,0.8354934266314068
1,1,0,0,0,360.0,1.0,1,1,5502.0,8.613048677059759,4.882801922586371,-0.21934843163794046,-0.15248070078793416
1,0,0,0,0,360.0,1.0,2,1,6000.0,8.699681400989514,4.955827057601261,-0.14361741008111,-0.030508586291719236
1,1,2,0,0,360.0,1.0,0,2,4855.0,8.487970332739334,4.290459441148391,-0.31773793153205554,-0.8721161763156023
1,1,0,0,0,360.0,1.0,1,2,4605.0,8.43511508038063,4.060443010546419,-0.3557555126348821,-1.0550743480599247
1,0,0,0,0,360.0,1.0,1,2,6887.0,8.837536046107568,4.9344739331306915,-0.008731032328281442,-0.06710022064058371
1,1,2,0,0,360.0,1.0,2,1,7583.0,8.933796043934858,5.236441962829949,0.09710991346198765,0.5305631403908695
0,0,0,0,0,360.0,0.0,2,2,12049.5,9.433563920090563,5.707110264748875,0.8448396985923801,1.9088480341980982
1,0,0,1,0,36.0,1.0,1,0,3358.0,8.119398589612294,4.394449154672439,-0.5453872071757809,-0.7745384847186303
1,1,0,0,0,360.0,1.0,1,2,4082.0,8.314587291319576,4.543294782270004,-0.4352882923019952,-0.6159747358735509
1,1,0,0,0,360.0,0.0,0,2,7563.0,8.931155429778348,5.241747015059643,0.09406850697376153,0.542760351840491
1,1,0,1,0,180.0,1.0,1,1,4188.0,8.340217320947035,4.7535901911063645,-0.41916883791439674,-0.34763608398187806
0,1,1,0,0,84.0,1.0,0,2,4333.0,8.374246182096304,4.890349128221754,-0.39711864087475734,-0.14028348933831267
0,1,2,0,0,360.0,1.0,1,2,6318.0,8.751316246773456,4.812184355372417,-0.09525904691831465,-0.2622556038345276
1,1,2,1,0,480.0,1.0,1,0,7750.0,8.955577146281511,5.236441962829949,0.12250565763867577,0.5305631403908695
1,1,0,1,0,360.0,1.0,2,1,4567.0,8.426830751335846,4.7535901911063645,-0.3615341849625117,-0.34763608398187806
1,1,2,0,0,360.0,1.0,1,1,10489.0,9.258177701390343,5.342334251964811,0.5390262762012433,0.7867045808329208
1,1,0,0,0,360.0,1.0,2,1,5821.0,8.669399124305569,4.976733742420574,-0.1708379981507338,0.006083048057145243
1,0,1,0,1,360.0,1.0,0,0,4692.0,8.453827315794417,4.672828834461906,-0.34252539441109847,-0.4574109870284715
1,0,0,1,0,360.0,0.0,1,2,2268.0,7.727094484779841,5.14166355650266,-0.7111438607841046,0.32321054574730407
1,1,1,1,0,360.0,1.0,1,1,5100.0,8.537191877922927,4.51085950651685,-0.28048070205128556,-0.6525663702224154
1,0,0,0,0,360.0,1.0,1,1,4895.0,8.496173824192162,4.634728988229636,-0.3116551185556033,-0.5061998328269575
1,1,2,1,0,360.0,1.0,2,1,5266.0,8.569216219483389,4.709530201312334,-0.25523702819900873,-0.4086221412299855
1,0,0,0,0,180.0,1.0,0,2,2925.0,7.98139158158007,3.713572066704308,-0.6112336576458764,-1.26242694270349
1,1,1,0,0,360.0,1.0,1,1,4545.0,8.422003004412488,4.653960350157523,-0.3648797320995605,-0.4818054099277145
1,0,0,0,0,360.0,1.0,2,0,2435.0,7.798112628829788,4.330733340286331,-0.6857481166074164,-0.8355245419667378
1,0,1,0,0,360.0,1.0,1,2,8352.0,9.030376034755907,5.236441962829949,0.2140519929342821,0.5305631403908695
1,0,0,0,0,480.0,1.0,2,0,3069.0,8.029432840581244,4.276666119016055,-0.5893355309306484,-0.8843133877652238
0,0,0,0,0,360.0,1.0,1,1,4124.0,8.324821298768782,4.7535901911063645,-0.42890133867672037,-0.34763608398187806
1,1,0,0,0,360.0,1.0,0,1,3798.0,8.242493153187626,4.727387818712341,-0.4784762644348062,-0.38422771833074254
1,1,0,1,0,360.0,1.0,1,2,4136.0,8.327726166461412,4.709530201312334,-0.4270764947837847,-0.4086221412299855
1,1,3,0,0,360.0,1.0,0,1,9504.0,9.15957325492253,5.62040086571715,0.3892370066561068,1.6039177479575608
1,0,3,0,1,360.0,1.0,1,1,9357.0,9.143986871426161,5.680172609017068,0.36688266896764476,1.8112703426011263
1,1,1,0,1,360.0,1.0,1,1,2895.0,7.971085753505607,4.564348191467836,-0.6157957673782156,-0.5915803129743079
1,0,0,0,0,360.0,0.0,1,0,12049.5,9.615805480084347,5.493061443340548,1.224863439296234,1.2014097701200517
1,1,0,1,1,180.0,0.0,0,0,6058.0,8.70930004894499,5.111987788356544,-0.13479733126525426,0.2622244884991966
1,1,1,1,0,180.0,0.0,0,0,4153.0,8.331827004436057,4.736198448394496,-0.4244912992687925,-0.37203050688112105
1,1,0,0,0,360.0,1.0,2,2,5491.0,8.61104776688786,5.0689042022202315,-0.22102120520646484,0.17684400835184616
1,1,1,0,1,180.0,0.0,2,0,12049.5,9.572480355345974,5.081404364984463,1.1281467129706435,0.20123843125108914
1,1,1,0,0,360.0,1.0,2,2,4700.0,8.45553053102413,4.394449154672439,-0.341308831815808,-0.7745384847186303
1,1,2,1,0,360.0,1.0,1,1,3934.0,8.277666160851503,3.828641396489095,-0.4577947003148685,-1.2014408854553826
0,0,2,0,1,360.0,0.0,1,2,5184.0,8.553525120663627,5.236441962829949,-0.26770679480073584,0.5305631403908695
1,1,0,0,0,360.0,1.0,0,2,5509.0,8.61431990214696,4.969813299576001,-0.21828393936706134,-0.00611416339247625
0,0,0,0,0,360.0,0.0,1,0,4166.0,8.334951631422454,4.762173934797756,-0.4225143850514455,-0.33543887253225657
1,1,2,0,0,360.0,0.0,2,2,3240.0,8.083637203141548,4.653960350157523,-0.563331505456315,-0.4818054099277145
1,1,2,0,0,120.0,1.0,2,1,2385.0,7.777373602657861,2.8903717578961645,-0.6933516328279817,-1.5429628060447844
1,1,1,0,0,360.0,1.0,0,1,6000.0,8.699681400989514,5.081404364984463,-0.14361741008111,0.20123843125108914
1,0,0,0,0,360.0,1.0,2,0,3600.0,8.188966863648876,4.394449154672439,-0.5085861886682448,-0.7745384847186303
1,0,0,1,0,360.0,1.0,0,1,3691.0,8.213923595622743,4.709530201312334,-0.49474778914681594,-0.4086221412299855
1,1,2,0,0,360.0,1.0,2,1,5391.0,8.592671652592143,4.875197323201151,-0.23622823764759546,-0.16467791223755568
1,1,0,0,0,360.0,1.0,0,1,4521.0,8.416709652837914,4.07753744390572,-0.3685294198854318,-1.0428771366103031
1,0,0,0,0,360.0,1.0,2,2,5900.0,8.682877107057168,5.017279836814924,-0.15882444252224062,0.07926631675487421
1,1,0,0,0,360.0,1.0,0,0,1950.0,7.576097340623111,4.912654885736052,-0.7595022239468999,-0.1036918549894482
0,0,0,0,0,360.0,1.0,0,2,2918.0,7.978996370854115,4.189654742026425,-0.6122981499167556,-0.9574966564629528
0,0,0,0,0,360.0,1.0,1,0,4230.0,8.350193650720067,4.727387818712341,-0.4127818842891219,-0.38422771833074254
1,1,2,0,1,360.0,1.0,0,1,7100.0,8.867990898182093,5.176149732573829,0.02365994677132677,0.396393814445033
1,0,0,0,0,84.0,1.0,2,2,4000.0,8.294299608857235,4.430816798843313,-0.44775805890372233,-0.7379468503697658
0,1,0,0,0,360.0,1.0,1,2,4704.0,8.45638105201948,5.303304908059076,-0.3407005505181628,0.6891268892359489
0,0,0,0,1,360.0,1.0,1,2,4742.0,8.464425125877582,4.6913478822291435,-0.33492187819053315,-0.4330165641292285
1,1,3,0,0,360.0,1.0,2,1,5666.0,8.64241515616962,4.709530201312334,-0.19440889843448625,-0.4086221412299855
1,0,0,0,0,360.0,1.0,1,2,3066.0,8.028455164114252,4.564348191467836,-0.5897917419038823,-0.5915803129743079
0,0,2,0,0,360.0,1.0,2,0,3427.0,8.13973227971767,4.9344739331306915,-0.5348943547914008,-0.06710022064058371
0,0,0,0,0,360.0,1.0,2,2,3417.0,8.136810863675537,4.634728988229636,-0.5364150580355138,-0.5061998328269575
1,1,3,0,0,180.0,1.0,2,1,7740.0,8.954286157204713,4.859812404361672,0.12098495439456271,-0.18907233513679866
1,1,2,0,0,360.0,1.0,1,1,3859.0,8.258422462458876,4.574710978503383,-0.4691999746457165,-0.5793831015246864
1,1,0,0,0,360.0,1.0,2,2,4867.0,8.490438454107418,4.7535901911063645,-0.3159130876391199,-0.34763608398187806
1,1,3,1,0,360.0,1.0,2,2,3397.0,8.130942302231878,4.51085950651685,-0.53945646452374,-0.6525663702224154
1,1,0,1,1,360.0,1.0,1,2,3943.0,8.279950715722526,4.174387269895637,-0.4564260673951668,-0.9696938679125743
0,0,1,0,0,360.0,1.0,2,1,4436.0,8.39773375137891,4.51085950651685,-0.3814553974603928,-0.6525663702224154
1,0,2,0,0,360.0,0.0,1,1,4923.0,8.501876487304344,5.117993812416755,-0.30739714947208674,0.2744216999488181
1,1,0,0,0,360.0,1.0,2,0,7933.0,8.978912601074276,5.62040086571715,0.1503345270059448,1.6039177479575608
1,1,1,0,0,360.0,1.0,1,1,6500.0,8.77971129020447,3.295836866004329,-0.06758224787545693,-1.433187902998191
1,0,3,0,0,360.0,1.0,1,2,8366.0,9.032050676295599,5.062595033026967,0.21618097747604037,0.16464679690222467
1,0,0,1,0,300.0,1.0,0,0,2755.0,7.9215356321335495,4.189654742026425,-0.6370856127957985,-0.9574966564629528
1,0,2,1,0,360.0,1.0,1,2,5250.0,8.566173813637858,4.356708826689592,-0.2576701533895896,-0.8111301190674948
1,1,2,0,0,300.0,1.0,1,1,8450.0,9.042040056544483,5.442417710521793,0.2289548847265901,1.0550432327245938
1,1,1,0,0,360.0,1.0,1,2,4157.0,8.332789468417959,4.990432586778736,-0.42388301797114725,0.030477470956388232
1,1,0,0,0,350.0,1.0,0,2,6624.0,8.798605650854423,4.897839799950911,-0.04872552764845496,-0.12808627788869117
1,1,1,0,0,360.0,1.0,2,1,4082.0,8.314587291319576,4.61512051684126,-0.4352882923019952,-0.5305942557262004
1,1,0,1,0,360.0,1.0,0,1,4467.0,8.404696160189092,4.795790545596741,-0.37674121740364236,-0.2866500267337706
1,1,0,0,0,360.0,1.0,0,1,5488.0,8.610501368549889,4.836281906951478,-0.22147741617969877,-0.22566396948566314
1,1,1,0,0,360.0,1.0,0,0,6091.0,8.714731714015052,4.859812404361672,-0.12977901055968113,-0.18907233513679866
1,0,2,1,0,360.0,1.0,1,2,3816.0,8.247220052745229,5.198497031265826,-0.47573899859540264,0.445182660243519
1,1,0,0,1,300.0,1.0,0,2,2796.0,7.936302693201959,4.927253685157205,-0.6308507294949349,-0.0792974320902052
0,1,1,0,1,360.0,1.0,1,1,12049.5,9.87740021777281,6.398594934535208,1.906898844280942,5.568011469084547
0,0,0,0,0,360.0,1.0,1,1,3846.0,8.255048902752295,4.718498871295094,-0.47117688886306347,-0.39642492978036403
0,0,0,1,0,360.0,1.0,1,1,4408.0,8.391403185357937,4.795790545596741,-0.3857133665439094,-0.2866500267337706
1,0,3,0,0,360.0,1.0,0,0,12049.5,9.648659816955295,5.771441123130016,1.3010506718262984,2.1527922631905283
1,0,0,0,0,360.0,0.0,1,2,2964.0,7.994632311431825,4.442651256490317,-0.6053029149938355,-0.7257496389201443
1,1,0,0,1,360.0,1.0,2,1,5492.0,8.61122983334262,5.241747015059643,-0.22086913488205354,0.542760351840491
1,1,2,0,0,360.0,1.0,1,1,5935.0,8.688790784847216,4.897839799950911,-0.15350198116784491,-0.12808627788869117
1,0,0,0,1,360.0,1.0,1,1,7085.0,8.865876285425417,4.442651256490317,0.02137889190515718,-0.7257496389201443
1,0,0,0,0,480.0,1.0,1,0,2500.0,7.824445930877619,4.574710978503383,-0.6758635455206815,-0.5793831015246864
1,1,2,0,0,180.0,1.0,1,1,11904.0,9.384713758920963,5.241747015059643,0.7542057852432416,0.542760351840491
0,0,0,0,0,360.0,1.0,1,1,4160.0,8.333510708982942,4.276666119016055,-0.42342680699791335,-0.8843133877652238
1,0,0,1,0,360.0,1.0,0,2,9000.0,9.105090961257085,4.812184355372417,0.31259356315280845,-0.2622556038345276
1,1,2,0,0,360.0,0.0,2,0,8799.0,9.082507000466299,5.556828061699537,0.28202742794613594,1.3965651533139956
1,1,0,0,0,360.0,1.0,1,1,4957.0,8.508757712595136,5.081404364984463,-0.30222675844210234,0.20123843125108914
1,0,0,0,0,360.0,1.0,2,2,5583.0,8.627660644442209,4.762173934797756,-0.20703073536062466,-0.33543887253225657
1,1,1,1,0,180.0,1.0,2,0,4493.0,8.410498452745275,4.948759890378168,-0.37278738896894836,-0.04270579774134073
1,0,0,0,0,360.0,1.0,0,0,4693.0,8.454040376410969,4.74493212836325,-0.34237332408668714,-0.35983329543149956
1,1,1,1,0,180.0,1.0,2,1,5039.0,8.525161361065415,4.718498871295094,-0.28975699184037523,-0.39642492978036403
0,0,3,0,0,180.0,1.0,2,0,12049.5,10.647422899928179,5.860786223465865,5.34353610565205,2.518708606679173
1,1,0,1,0,360.0,0.0,2,0,6146.0,8.72371943690701,4.836281906951478,-0.1214151427170593,-0.22566396948566314
1,1,0,0,0,360.0,1.0,1,1,4843.0,8.485496104672983,5.017279836814924,-0.31956277542499123,0.07926631675487421
0,1,0,0,0,360.0,1.0,0,0,4583.0,8.430327258394575,4.727387818712341,-0.35910105977193085,-0.38422771833074254
1,1,0,0,0,360.0,1.0,2,2,4321.0,8.371473537066832,4.634728988229636,-0.39894348476769304,-0.5061998328269575
1,0,0,0,0,360.0,1.0,1,2,6667.0,8.805075243870684,5.030437921392435,-0.0421865036987688,0.10366073965411719
1,0,0,0,0,360.0,1.0,1,2,4951.0,8.507546814364431,5.030437921392435,-0.3031391803885702,0.10366073965411719
0,0,0,0,0,360.0,1.0,1,2,3089.0,8.035926369891792,4.3694478524670215,-0.5862941244424222,-0.7989329076178733
1,1,2,0,0,360.0,1.0,1,1,8333.0,9.0280988119824,5.5093883366279774,0.21116265677046725,1.2501986159185376
1,0,0,1,0,360.0,1.0,2,2,2868.0,7.9617188159813645,4.2626798770413155,-0.6199016661373209,-0.8965105992148453
1,1,0,1,0,300.0,1.0,1,1,5297.0,8.575084669832014,4.8283137373023015,-0.2505228481422582,-0.23786118093528463
1,1,0,0,0,360.0,1.0,0,2,10013.0,9.211739392889891,5.3612921657094255,0.4666408017814616,0.8354934266314068
1,1,2,0,1,360.0,1.0,0,1,7550.0,8.929435283803425,4.6913478822291435,0.09209159275641454,-0.4330165641292285
1,0,0,0,0,360.0,1.0,2,1,3333.0,8.111928063310739,4.2626798770413155,-0.5491889652860635,-0.8965105992148453
1,1,0,0,0,360.0,1.0,1,2,4532.0,8.41913925094085,4.709530201312334,-0.36685664631690745,-0.4086221412299855
1,1,0,0,0,360.0,1.0,0,1,7977.0,8.984443032465352,5.356586274672012,0.15702562128004227,0.8232962151817853
1,1,1,0,0,60.0,1.0,2,2,5858.0,8.675734219544788,4.941642422609304,-0.16521139614751548,-0.05490300919096222
1,1,0,0,0,180.0,1.0,0,1,9328.0,9.140883106960962,5.241747015059643,0.3624726295597169,0.542760351840491
0,1,3,0,0,360.0,0.0,1,2,4685.0,8.452334619067742,4.553876891600541,-0.3435898866819776,-0.6037775244239294
1,1,2,0,0,180.0,1.0,0,2,12049.5,9.444305161921976,4.634728988229636,0.8653691923879063,-0.5061998328269575
1,1,2,0,1,360.0,1.0,0,1,12049.5,9.772239265926174,5.017279836814924,1.6111220633009515,0.07926631675487421
1,1,0,0,0,360.0,0.0,1,2,3445.0,8.144969417087875,4.875197323201151,-0.5321570889519972,-0.16467791223755568
1,0,0,1,0,360.0,1.0,0,0,4885.0,8.494129251817686,4.61512051684126,-0.31317582179971637,-0.5305942557262004
1,1,1,0,0,360.0,1.0,2,1,10330.0,9.242904362849446,5.198497031265826,0.5148470946198457,0.445182660243519
1,0,2,0,0,360.0,1.0,0,1,10180.0,9.228278517107196,5.093750200806762,0.4920365459581497,0.22563285415033213
1,1,2,1,0,360.0,1.0,1,1,3917.0,8.273336598504486,4.6913478822291435,-0.4603798958298607,-0.4330165641292285
1,1,0,0,0,360.0,1.0,1,2,4338.0,8.37539918579835,4.663439094112067,-0.39635828925270084,-0.469608198478093
0,0,1,0,0,360.0,1.0,2,2,3620.0,8.19450550976564,4.51085950651685,-0.5055447821800186,-0.6525663702224154
1,0,0,1,1,360.0,1.0,0,1,4750.0,8.46611040118692,4.653960350157523,-0.3337053155952427,-0.4818054099277145
1,1,1,0,0,360.0,1.0,2,1,11580.0,9.357121103184378,5.755742213586912,0.7049350001339784,2.0918062059424205
1,1,2,0,1,84.0,1.0,0,1,5746.0,8.656433258507741,4.976733742420574,-0.18224327248158176,0.006083048057145243
1,1,0,0,0,360.0,1.0,1,0,8334.0,9.028218795184895,5.081404364984463,0.21131472709487856,0.20123843125108914
1,1,0,1,0,360.0,1.0,1,1,2904.0,7.974188669286011,4.59511985013459,-0.6144271344585138,-0.5549886786254434
1,1,0,0,0,360.0,1.0,1,1,7267.0,8.891236429516061,5.337538079701318,0.0490556909480149,0.7745073693832993
1,0,0,0,0,360.0,1.0,1,0,12000.0,9.392745258631441,5.10594547390058,0.768804536386727,0.2500272770495751
1,0,1,0,0,180.0,1.0,2,1,3667.0,8.207401833376355,4.736198448394496,-0.49839747693268727,-0.37203050688112105
1,0,0,0,0,360.0,1.0,2,2,4083.0,8.314832179284556,4.574710978503383,-0.4351362219775839,-0.5793831015246864
1,1,0,1,0,360.0,1.0,0,1,4286.0,8.363342466597977,4.709530201312334,-0.40426594612208877,-0.4086221412299855
1,1,1,1,0,360.0,1.0,2,1,6464.0,8.774158291205957,5.231108616854587,-0.07305677955426394,0.518365928941248
1,1,3,1,0,360.0,1.0,1,1,3173.0,8.062747901086354,4.31748811353631,-0.5735202171918725,-0.8477217534163592
1,0,0,1,1,300.0,1.0,1,2,4073.0,8.31238059678675,4.836281906951478,-0.43665692522169697,-0.22566396948566314
1,0,0,0,0,360.0,1.0,0,0,12049.5,9.915119636765835,6.175867270105761,2.0207995172650106,4.104346095129967
1,0,0,1,0,360.0,1.0,1,2,4258.0,8.356789669923213,4.6913478822291435,-0.4085239152056053,-0.4330165641292285
1,0,0,0,1,480.0,1.0,2,1,12049.5,9.911802884139842,6.478509642208569,2.0106108055294527,6.177872041565621
1,1,3,1,1,360.0,1.0,1,2,8250.0,9.018089684104343,5.236441962829949,0.19854081984432886,0.5305631403908695
1,1,0,0,0,360.0,1.0,2,2,7621.0,8.938794081433805,5.081404364984463,0.10288858578961728,0.20123843125108914
1,1,0,0,0,360.0,1.0,1,1,5300.0,8.575650760987806,4.882801922586371,-0.25006663716902433,-0.15248070078793416
1,1,2,0,1,300.0,1.0,0,1,12049.5,9.752490228984199,5.942799375126701,1.5589619420278735,2.884624950167818
1,1,0,0,0,360.0,1.0,1,1,4618.0,8.437933510430605,4.653960350157523,-0.3537785984175351,-0.4818054099277145
1,0,2,0,0,360.0,1.0,0,1,4354.0,8.379079889286603,4.919980925828125,-0.3939251640621199,-0.0914946435398267
1,0,1,0,0,360.0,1.0,2,1,6177.0,8.728749873478527,4.770684624465665,-0.11670096266030881,-0.3232416610826351
1,1,0,0,0,360.0,1.0,2,1,6194.0,8.731497794063243,4.927253685157205,-0.11411576714531661,-0.0792974320902052
1,1,3,1,0,180.0,0.0,2,0,4611.0,8.436416881388949,4.2626798770413155,-0.35484309068841424,-0.8965105992148453
0,0,0,0,0,360.0,1.0,1,1,4166.0,8.334951631422454,3.8066624897703196,-0.4225143850514455,-1.213638096905004
1,1,0,0,0,360.0,1.0,2,2,5720.0,8.651898894268529,4.709530201312334,-0.18619710091627573,-0.4086221412299855
1,1,0,1,0,360.0,0.0,2,0,7660.0,8.94389780251682,4.653960350157523,0.10881932844165822,-0.4818054099277145
1,1,0,0,0,360.0,1.0,2,2,5488.0,8.610501368549889,4.912654885736052,-0.22147741617969877,-0.1036918549894482
1,1,2,1,1,360.0,1.0,1,1,3750.0,8.229777750081887,4.584967478670572,-0.4857756400065489,-0.5671858900750649
1,1,2,0,0,360.0,1.0,2,1,12049.5,9.436997742590188,5.420534999272286,0.8513787225420661,0.9940571754764862
0,0,0,0,0,360.0,1.0,2,1,3237.0,8.08271113423758,3.4339872044851463,-0.563787716429549,-1.384399057199705
1,1,2,0,1,360.0,1.0,2,2,7166.0,8.877242435993919,5.017279836814924,0.033696588182472974,0.07926631675487421
0,1,0,0,0,240.0,1.0,1,1,10047.0,9.21512888870798,4.836281906951478,0.471811192811446,-0.22566396948566314
1,1,0,0,0,360.0,1.0,2,1,12049.5,9.521568058002977,4.836281906951478,1.019720571665382,-0.22566396948566314
