Gender,Married,Dependents,Education,Self_Employed,Loan_Amount_Term,Credit_History,Property_Area,Loan_Status,TotalIncome,Log_TotalIncome,Log_LoanAmount,Normalized_TotalIncome,Normalized_LoanAmount,Income_Per_LoanAmount,Credit_Income_Ratio
1,1,0,0,0,360.0,1.0,1,1,5167.0,8.550241045462437,4.74493212836325,-0.2891956026224695,-0.3652889038613612,899.4014001471058,0.0001934984520123839
1,0,0,0,0,360.0,1.0,2,0,3167.0,8.060855752934316,4.31748811353631,-0.5712327337322961,-0.8060421553281569,595.581961328323,0.0003156565656565657
1,1,0,1,0,360.0,1.0,2,0,6033.0,8.705165419719007,5.081404364984463,-0.1670735248519145,0.1415773353254538,992.0405942312987,0.00016572754391779913
0,0,0,1,1,360.0,1.0,1,1,12893.0,9.756378687497916,5.420534999272286,1.416564966329762,0.8578013689589968,2008.088111265076,7.755545214828603e-05
0,0,0,0,1,360.0,1.0,2,1,3463.0,8.150179269682326,4.812184355372417,-0.5294912383280418,-0.2771382535680021,595.8173017686579,0.0002886836027713626
0,0,0,0,0,360.0,1.0,0,1,5428.0,8.599510233905452,4.912654885736052,-0.2523897570126371,-0.1338934468412934,918.0309192567191,0.0001841959845275373
1,1,0,0,0,360.0,1.0,0,1,5491.0,8.61104776688786,4.941642422609304,-0.2435055873826775,-0.0898181216946139,924.1552435241632,0.0001820830298616169
1,1,3,1,0,480.0,1.0,1,1,2825.0,7.946617563244473,4.553876891600541,-0.6194610831520765,-0.585665529594759,508.6536945520733,0.00035385704175513094
1,1,1,0,1,360.0,1.0,2,0,4022.0,8.299783171949787,4.709530201312334,-0.4506618601828452,-0.4093642290080408,704.4362422455607,0.00024857071836937607
1,1,0,0,0,360.0,1.0,2,1,12893.0,10.221977646629885,6.175867270105761,2.860172021915409,3.66760334705982,1796.7166217958736,7.755545214828603e-05
0,1,2,0,0,360.0,1.0,2,0,3259.0,8.089482474360754,5.123963979403259,-0.5582590257012441,0.218709154332143,532.1716474755569,0.00030674846625766873
0,1,0,0,0,360.0,1.0,2,0,6784.0,8.82246957226897,4.709530201312334,-0.0611685821201746,-0.4093642290080408,1188.18882829286,0.00014738393515106854
1,1,1,1,0,360.0,1.0,2,1,4763.0,8.46884293047519,4.859812404361672,-0.3461671031066545,-0.2110252658479827,812.8246556928556,0.00020990764063811922
1,1,2,0,0,360.0,0.0,1,0,4745.0,8.465057436995709,4.890349128221754,-0.3487054372866429,-0.1669499407013031,805.5549674069108,0.0
1,1,0,0,1,360.0,1.0,2,1,3000.0,8.006700845440367,4.204692619390966,-0.5947828341799666,-0.894192805621516,576.4029154811162,0.0003332222592469177
1,0,0,0,0,360.0,1.0,1,1,8649.0,9.065314599925925,5.0238805208462765,0.2018310426397386,0.0424078537454247,1435.7854492746362,0.00011560693641618497
1,0,0,1,0,180.0,1.0,2,1,2717.0,7.907651594711089,4.110873864173311,-0.6346910882320072,-0.9603057933415354,531.6116328062574,0.0003679175864606328
1,1,1,0,0,360.0,1.0,2,1,10333.0,9.24319470884713,5.802118375377063,0.4393063070342126,2.0147786540593358,1519.0855891900308,9.676795045480937e-05
1,0,0,0,0,360.0,1.0,2,1,2479.0,7.8160138391590275,4.0943445622221,-0.6682535068340765,-0.9713246246282052,486.61804668325885,0.0004032258064516129
1,1,0,0,0,360.0,1.0,0,1,6525.0,8.783549477153265,5.37989735354046,-0.0976923905988972,0.7586318873789678,1022.7437274330154,0.00015323322096230462
1,1,2,0,1,360.0,1.0,2,1,9613.0,9.170975648453906,5.5909869805108565,0.337772939834675,1.3205922829991323,1458.506901686356,0.00010401497815685458
0,1,1,0,1,360.0,0.0,2,0,11500.0,9.35018926709258,5.659482215759621,0.6038749730367965,1.5299500774458603,1726.860982192478,0.0
1,1,0,0,0,360.0,1.0,1,1,6556.0,8.788288460263619,5.093750200806762,-0.0933208150666949,0.1636149978987936,1075.8563748038177,0.00015250876925423213
0,0,0,0,0,360.0,1.0,2,1,6000.0,8.699681400989514,5.056245805348308,-0.1717271375152267,0.0975020101787742,990.7127604862675,0.00016663889351774705
1,1,0,0,0,360.0,1.0,1,1,10833.0,9.290444616217844,5.459585514144159,0.5098155898116693,0.956970850539026,1677.0425867541567,9.230201218386561e-05
1,1,0,0,0,360.0,1.0,1,1,2974.0,7.99799931797973,3.9318256327243257,-0.5984493168843944,-1.0704941062082345,603.022130439184,0.0003361344537815126
1,0,0,1,0,360.0,1.0,0,1,3833.0,8.251663923605589,4.709530201312334,-0.4773143690727238,-0.4093642290080408,671.3336938158214,0.0002608242044861763
1,1,2,1,0,360.0,1.0,1,1,3917.0,8.273336598504486,4.8283137373023015,-0.4654688095661111,-0.2551005909946623,672.0640268437276,0.00025523226135783564
1,0,0,0,1,360.0,0.0,2,0,12893.0,9.69590972432601,5.262690188904886,1.2737131594226347,0.4941799364988903,2058.6999533908784,0.0
1,1,2,0,1,360.0,1.0,0,1,12893.0,9.770013301136158,5.993961427306569,1.4499863663662764,2.786096844126228,1843.4473987319654,7.755545214828603e-05
1,1,2,0,0,360.0,1.0,0,1,4913.0,8.499843553081124,4.836281906951478,-0.3250143182734175,-0.2440817597079924,841.8030654325015,0.0002035002035002035
1,1,0,0,1,360.0,1.0,1,1,9560.0,9.165447603085449,5.2574953720277815,0.3302989558602646,0.4831611052122205,1527.7678099028335,0.00010459156991946449
1,1,1,0,0,240.0,1.0,2,1,3988.0,8.291295851905407,3.9318256327243257,-0.4554564914117123,-1.0704941062082345,808.625506453082,0.000250689395838556
1,1,2,0,0,360.0,1.0,2,1,3900.0,8.268988209506656,4.262679877041316,-0.4678661251805446,-0.8501174804748365,741.0673062243307,0.0002563445270443476
1,0,0,1,0,360.0,1.0,0,1,5568.0,8.624970783589669,4.700480365792417,-0.2326471578349492,-0.4203830602947107,976.7597891245432,0.0001795654516071108
1,1,2,0,0,360.0,1.0,1,1,8667.0,9.067393362656247,5.468060141135132,0.204369376819727,0.9790085131123656,1339.9689877464493,0.00011536686663590217
1,1,2,0,0,360.0,0.0,0,0,5050.0,8.527341522468053,5.017279836814924,-0.3056947747923944,0.0313890224587549,839.2496504987333,0.0
1,1,0,0,0,360.0,1.0,2,1,7083.0,8.865593998902725,4.875197323201151,-0.0190040310192556,-0.1889876032746429,1205.5765296646696,0.0001411631846414455
0,1,2,1,0,360.0,1.0,1,1,3127.0,8.048149101665201,4.59511985013459,-0.5768734763544926,-0.5415902044480795,558.8798960088014,0.00031969309462915604
1,0,0,1,0,360.0,1.0,0,1,4592.0,8.432288684325794,4.844187086458591,-0.3702812778165446,-0.2330629284213225,785.7380217412957,0.00021772262138036142
1,1,1,0,0,360.0,1.0,0,1,4014.0,8.297792626380861,4.68213122712422,-0.4517900087072845,-0.4424207228680504,706.4250788223212,0.00024906600249066
1,1,1,1,0,180.0,1.0,2,1,6608.0,8.796187635470453,4.927253685157205,-0.0859878496578394,-0.1118557842679537,1114.8502073645832,0.00015130882130428205
1,1,0,0,0,360.0,1.0,0,0,7710.0,8.95040315983296,5.170483995038151,0.069414609583675,0.3068598046255022,1249.496798986889,0.00012968486577616392
1,1,0,1,0,360.0,0.0,1,0,5558.0,8.62317351495347,5.308267697401205,-0.2340573434904984,0.5933494180789194,881.0659703439202,0.0
1,0,0,0,0,360.0,1.0,2,0,3583.0,8.18423477409482,4.574710978503383,-0.5125690104614522,-0.5636278670214193,642.7239033227713,0.00027901785714285713
1,0,0,0,0,360.0,1.0,0,1,12083.0,9.399637542506564,5.236441962829949,0.686088796755311,0.4390857800655409,1937.4829545462524,8.275405494869249e-05
1,1,0,0,1,360.0,1.0,2,1,12893.0,9.687878048875998,5.564520407322694,1.255380745900496,1.2434604639924431,1964.042946019014,7.755545214828603e-05
1,1,1,0,1,360.0,1.0,1,1,2395.0,7.78155595923534,4.836281906951478,-0.6800990663406892,-0.2440817597079924,410.3640019765604,0.00041736227045075126
1,1,1,0,0,360.0,1.0,2,0,3875.0,8.262558973010657,4.219507705176107,-0.4713915893194175,-0.8831739743348461,742.4071806920068,0.00025799793601651185
1,1,1,0,0,360.0,1.0,1,1,3315.0,8.106514516255185,4.574710978503383,-0.550361986030169,-0.5636278670214193,594.6496621588018,0.00030156815440289503
1,0,0,0,0,360.0,1.0,2,1,2833.0,7.949444420250626,4.276666119016055,-0.6183329346276372,-0.8390986491881666,536.8920329809065,0.00035285815102328866
1,1,3,0,0,360.0,0.0,1,0,4680.0,8.45126704130007,4.859812404361672,-0.3578716440477122,-0.2110252658479827,798.660379727601,0.0
1,0,0,0,0,360.0,1.0,0,0,9481.0,9.157150543462064,5.7430031878094825,0.3191584891814265,1.805420859612608,1406.0500545425334,0.0001054629824931449
1,1,0,0,0,360.0,1.0,0,1,2936.12000084,7.9851847886683345,4.477336814478207,-0.6037911000291589,-0.6627973486014483,536.0488318116523,0.0003404695755413485
1,1,2,0,0,360.0,1.0,1,1,7945.0,8.980423936374544,5.351858133476067,0.1025539724890796,0.6925188996589484,1250.815089544842,0.00012584948401711554
1,1,3,0,0,360.0,1.0,1,1,4531.0,8.418918622147897,4.8283137373023015,-0.3788834103153943,-0.2551005909946623,777.4118217076665,0.0002206531332744925
1,1,2,0,0,360.0,1.0,2,0,4550.0,8.423102268016642,4.836281906951478,-0.376204057569851,-0.2440817597079924,779.6059327738412,0.00021973192704900023
1,1,2,0,0,360.0,1.0,1,1,5185.0,8.55371796609861,5.049856007249537,-0.2866572684424811,0.0864831788921043,857.0451914536179,0.0001928268414963363
1,1,0,0,0,360.0,1.0,0,0,4915.0,8.500250470685925,4.02535169073515,-0.3247322811423077,-1.015399949774885,978.0410014012359,0.0002034174125305126
0,0,0,0,0,480.0,1.0,0,0,7541.0,8.928242677818302,5.0238805208462765,0.0455824720048946,0.0424078537454247,1251.8508582471998,0.00013259082471492973
1,1,3,0,0,360.0,0.0,1,0,5540.0,8.61993026886735,5.068904202220232,-0.2365956776704868,0.119539672752114,912.8501316552765,0.0
1,1,3,0,0,180.0,0.0,1,1,12893.0,10.596634733096073,6.398594934535208,4.62276307278627,4.989863101460207,1742.628176576876,0.0
1,0,2,0,0,360.0,0.0,0,0,3588.0,8.185628891147607,4.709530201312334,-0.5118639176336776,-0.4093642290080408,628.4229828883819,0.0
1,0,0,0,0,360.0,1.0,1,1,3777.0,8.236950048061455,3.9318256327243257,-0.485211408743799,-1.0704941062082345,765.8421609511762,0.00026469031233456857
1,1,0,0,0,360.0,1.0,1,1,4310.0,8.368925174747135,4.875197323201151,-0.4100485133030302,-0.1889876032746429,733.5923821621807,0.00023196474135931338
1,1,3,0,1,360.0,1.0,1,1,10139.0,9.224243277145174,5.564520407322694,0.4119487053165594,1.2434604639924431,1544.514963909624,9.861932938856015e-05
1,1,3,0,0,360.0,0.0,0,0,5900.0,8.682877107057168,4.820281565605037,-0.185828994070718,-0.2661194222813322,1013.6966628669752,0.0
1,0,0,0,0,360.0,1.0,1,1,2500.0,7.824445930877619,4.02535169073515,-0.6652921169574233,-1.015399949774885,497.47762024477925,0.00039984006397441024
1,1,2,0,0,360.0,1.0,2,1,12893.0,9.721185995542177,5.62040086571715,1.3323768826934788,1.4087429332924917,1947.4651552845776,7.755545214828603e-05
1,0,0,0,0,360.0,1.0,1,1,12876.0,9.463198053273784,6.0063531596017325,0.7979165192403572,2.841191000559578,1837.7606304863914,7.765783955890347e-05
1,1,0,0,0,480.0,1.0,1,1,4758.0,8.46779284112111,5.068904202220232,-0.346872195934429,0.119539672752114,783.9965571147663,0.0002101281781886951
1,1,0,0,0,180.0,1.0,2,1,12893.0,11.056240743970491,6.19644412779452,7.913854355706837,3.7777916599265184,1791.5792537322584,7.755545214828603e-05
1,1,1,0,1,360.0,1.0,2,1,7787.0,8.960339366492091,5.484796933490655,0.0802730391314033,1.0230838382590453,1200.8086112587632,0.00012840267077555214
1,1,3,1,1,360.0,1.0,1,1,5499.0,8.612503371220562,4.875197323201151,-0.2423774388582383,-0.1889876032746429,935.9685636913763,0.0001818181818181818
0,0,0,0,0,360.0,1.0,0,0,11666.0,9.364519622823858,5.420534999272286,0.627284054918912,0.8578013689589968,1816.982541380468,8.571183680466272e-05
0,0,0,0,0,360.0,1.0,0,1,5000.0,8.517393171418904,4.890349128221754,-0.31274570307014,-0.1669499407013031,848.8461195014866,0.0001999600079984003
1,1,0,0,0,360.0,0.0,0,0,5754.0,8.657824321155983,4.787491742782046,-0.2064177046417354,-0.3101947474280118,994.2130815436902,0.0
1,1,1,0,1,360.0,1.0,0,0,10000.0,9.210440366976515,5.049856007249537,0.3923471247044265,0.0864831788921043,1652.9319025142102,9.999000099990002e-05
1,1,0,0,1,120.0,1.0,1,1,3459.0,8.14902386805177,3.258096538021482,-0.5300553125902614,-1.3459648883749815,812.3348000952602,0.00028901734104046245
0,0,0,0,0,360.0,0.0,1,0,2138.0,7.668093709082406,4.605170185988092,-0.7163408376883019,-0.5305713731614096,381.4335567088778,0.0
1,0,0,1,0,360.0,1.0,1,1,5332.0,8.581669210600602,4.718498871295094,-0.2659275393059088,-0.3983453977213709,932.4125299324293,0.00018751171948246765
1,0,0,0,0,360.0,0.0,1,0,2987.0,8.002359546252707,4.48863636973214,-0.5966160755321805,-0.6517785173147784,544.2153203065579,0.0
1,1,0,0,0,360.0,1.0,0,1,5829.0,8.670772279344538,4.934473933130692,-0.1958413122251169,-0.1008369529812838,982.2269110422985,0.00017152658662092623
1,0,0,0,0,360.0,1.0,2,1,5849.0,8.674196940225903,4.836281906951478,-0.1930209409140186,-0.2440817597079924,1002.1791430316918,0.00017094017094017094
1,1,2,0,0,360.0,1.0,1,1,3717.0,8.220941168281389,4.795790545596741,-0.4936725226770938,-0.2991759161413418,641.3275239602872,0.00026896180742334586
1,1,0,1,0,360.0,1.0,0,0,3453.0,8.147288258706624,4.204692619390966,-0.5309014239835909,-0.894192805621516,663.4397557187647,0.00028951939779965256
1,1,2,0,1,360.0,1.0,0,1,12893.0,9.623442907213558,6.175867270105761,1.1135160689522532,3.66760334705982,1796.7166217958736,7.755545214828603e-05
1,1,0,0,0,180.0,1.0,1,1,6416.0,8.766705997750515,4.04305126783455,-0.1130634142443827,-1.004381118488215,1272.2456424193729,0.00015583606046439146
1,1,3,1,0,180.0,1.0,0,0,3522.0,8.167068178341237,4.406719247264253,-0.5211711429603019,-0.7289103363214676,651.4116673955463,0.0002838489923360772
0,0,0,0,0,360.0,1.0,0,1,3692.0,8.214194414852564,4.543294782270004,-0.4971979868159666,-0.596684360881429,666.0298874612815,0.00027078256160303275
1,1,2,0,1,360.0,0.0,1,0,2726.0,7.910957382845589,4.672828834461906,-0.6334219211420129,-0.4534395541547203,480.53626850854454,0.0
1,1,0,0,0,360.0,1.0,1,1,5858.0,8.675734219544788,4.882801922586371,-0.1917517738240244,-0.177968771987973,995.7839949546582,0.00017067759003242875
1,0,0,0,0,360.0,1.0,0,0,6979.0,8.850804195756417,4.219507705176107,-0.0336699618369665,-0.8831739743348461,1337.0992810450364,0.00014326647564469913
1,1,2,0,0,360.0,1.0,1,1,3900.0,8.268988209506656,4.51085950651685,-0.4678661251805446,-0.6297408547414386,707.6935994082352,0.0002563445270443476
0,0,0,0,0,360.0,0.0,1,0,4300.0,8.366602832783736,4.919980925828125,-0.4114586989585793,-0.1228746155546235,726.3536916545872,0.0
1,1,2,0,0,360.0,0.0,1,0,4400.0,8.38958706681109,4.852030263919617,-0.397356842403088,-0.2220440971346526,751.875810883612,0.0
1,0,0,0,0,360.0,1.0,2,1,3943.0,8.279950715722526,4.31748811353631,-0.4618023268616834,-0.8060421553281569,741.5155268448303,0.0002535496957403651
1,1,0,1,0,360.0,0.0,2,0,4734.0,8.462737005620179,4.543294782270004,-0.3502566415077469,-0.596684360881429,854.0047365226725,0.0
1,0,0,0,0,360.0,0.0,0,1,4917.0,8.500657222776137,4.875197323201151,-0.3244502440111978,-0.1889876032746429,836.908061042098,0.0
1,1,2,0,0,180.0,1.0,2,1,11757.0,9.3722891389622,5.236441962829949,0.6401167443844092,0.4390857800655409,1885.20955860302,8.504847763225038e-05
1,1,3,0,0,360.0,1.0,1,0,11750.0,9.37169362233394,5.673323267171493,0.6391296144255249,1.5740254025925398,1760.7419166702937,8.509914049868096e-05
1,1,0,0,0,180.0,1.0,2,1,9323.0,9.140347000155648,4.330733340286331,0.2968775558237502,-0.795023324041487,1748.9150938282032,0.00010725010725010725
1,0,0,1,0,360.0,1.0,2,0,1442.0,7.274479558773871,3.58351893845611,-0.8144897593145216,-1.2357765755082828,314.60544166219074,0.000693000693000693
1,0,0,0,0,360.0,1.0,1,1,3858.0,8.258163361537619,4.343805421853684,-0.473788904933851,-0.7840044927548171,721.9574246140345,0.0002591344908007256
1,0,0,0,0,360.0,1.0,0,1,4309.0,8.368693183097793,4.983606621708336,-0.4101895318685851,-0.0237051339745945,720.1342388329948,0.0002320185614849188
1,1,2,0,0,360.0,1.0,1,1,8000.0,8.987321812850125,5.303304908059076,0.1103099935945999,0.5823305867922495,1269.175474880109,0.00012498437695288088
1,1,2,0,0,360.0,1.0,0,0,7125.0,8.871505346165781,5.225746673713202,-0.0130812512659492,0.4170481174922011,1144.4410403146808,0.000140331181588549
1,1,0,0,0,360.0,1.0,1,1,11333.0,9.335562336729565,5.236441962829949,0.5803248725891259,0.4390857800655409,1817.2220743087544,8.823010411152286e-05
1,1,0,1,0,360.0,1.0,2,1,3849.0,8.25582842728183,4.564348191467836,-0.4750580720238452,-0.5746466983080891,691.7252241514851,0.00025974025974025974
1,1,0,0,0,360.0,1.0,2,1,4301.0,8.366835309827675,4.77912349311153,-0.4113176803930244,-0.3212135787146816,744.2305057378701,0.00023245002324500232
1,1,3,1,0,360.0,0.0,1,0,4755.0,8.467162257810672,4.564348191467836,-0.3472952516310937,-0.5746466983080891,854.5475294466905,0.0
1,1,2,0,0,360.0,1.0,2,1,4500.0,8.412054873292933,4.736198448394496,-0.3832549858475966,-0.3763077351480311,784.4916873926328,0.00022217285047767163
0,0,1,0,0,360.0,1.0,0,1,3812.0,8.246171559857563,4.727387818712341,-0.480275758949377,-0.387326566434701,665.5739266591227,0.00026226068712300026
0,1,0,0,0,360.0,1.0,1,1,6816.0,8.827174771362785,4.61512051684126,-0.0566559880224174,-0.5195525418747398,1213.8653087777866,0.00014669209329617132
1,1,1,0,0,360.0,1.0,1,1,4934.0,8.504107951867582,4.948759890378168,-0.3220529283967643,-0.078799290407944,829.4165659603284,0.00020263424518743666
1,1,0,0,0,360.0,0.0,2,0,2221.0,7.706162970199576,4.110873864173311,-0.7046362967472442,-0.9603057933415354,434.5636497838416,0.0
1,1,0,0,0,180.0,0.0,0,1,4949.0,8.507142855562735,4.51085950651685,-0.3199376499134406,-0.6297408547414386,898.045031659322,0.0
1,1,1,0,1,360.0,1.0,1,1,12893.0,9.847869128773116,4.465908118654584,1.6498096737575887,-0.6738161798881181,2358.8029143771214,7.755545214828603e-05
1,0,0,0,0,360.0,1.0,1,1,2718.0,7.908019444632471,4.262679877041316,-0.6345500696664522,-0.8501174804748365,516.4669072609566,0.0003677822728944465
1,1,0,0,1,360.0,1.0,1,1,12893.0,10.6896240399389,4.795790545596741,5.172453441319322,-0.2991759161413418,2224.5455384503584,7.755545214828603e-05
1,0,0,0,0,360.0,1.0,2,1,3013.0,8.01102337918644,3.871201010907891,-0.5929495928277527,-1.103550600068244,618.5332925603166,0.00033178500331785003
1,1,2,0,0,360.0,0.0,2,0,7400.0,8.909370405197466,5.37989735354046,0.0256988542616519,0.7586318873789678,1159.8932694259483,0.0
1,1,0,0,0,360.0,1.0,1,1,3723.0,8.222553638396958,4.574710978503383,-0.4928264112837643,-0.5636278670214193,667.837312886039,0.0002685284640171858
1,1,0,0,0,360.0,1.0,2,0,6277.0,8.744806737401898,5.159055299214529,-0.1326649948565157,0.2848221420521624,1019.1498038344472,0.00015928639694170118
1,1,0,0,0,180.0,0.0,0,0,7859.0,8.969541885423252,4.890349128221754,0.0904263758513571,-0.1669499407013031,1334.2163306324367,0.0
1,1,1,0,0,360.0,1.0,1,0,6642.0,8.80131894766524,5.0238805208462765,-0.0811932184289723,0.0424078537454247,1102.6115104731336,0.0001505343971097396
1,1,0,0,0,360.0,1.0,0,1,6966.0,8.848939995030118,4.804021044733257,-0.0355032031891804,-0.2881570848546719,1200.2024021468974,0.00014353380221042057
1,1,3,0,1,360.0,1.0,0,1,7101.0,8.868131713503033,4.61512051684126,-0.0164656968392671,-0.5195525418747398,1264.6211205444633,0.000140805406927626
0,0,3,1,0,360.0,0.0,2,0,1830.0,7.5126175446745105,4.836281906951478,-0.7597745558792152,-0.2440817597079924,313.5557927420065,0.0
0,0,0,0,0,360.0,1.0,1,1,3086.0,8.034955024502159,4.795790545596741,-0.5826552375422441,-0.2991759161413418,532.4554046116347,0.00032393909944930353
1,1,1,1,0,360.0,1.0,0,1,4394.0,8.388222810119277,4.882801922586371,-0.3982029537964174,-0.177968771987973,746.9229897287074,0.00022753128555176336
0,0,0,0,0,360.0,1.0,1,1,3159.0,8.058327306580958,4.61512051684126,-0.5723608822567354,-0.5195525418747398,562.5881030559019,0.00031645569620253165
1,0,0,0,1,360.0,1.0,1,1,5166.0,8.550047528287184,4.859812404361672,-0.2893366211880244,-0.2110252658479827,881.5981883916212,0.00019353590090961874
1,0,1,1,0,360.0,1.0,1,1,3981.0,8.289539484624141,4.553876891600541,-0.4564436213705967,-0.585665529594759,716.7965869068332,0.00025113008538422905
1,1,0,1,0,360.0,1.0,0,0,4887.0,8.494538500851432,4.897839799950911,-0.3286808009778452,-0.1559311094146332,828.6084678055643,0.00020458265139116204
0,1,0,0,0,360.0,1.0,1,1,6486.0,8.777555453213056,5.209486152841421,-0.1031921146555388,0.3839916236321914,1044.5308742708198,0.00015415446277169725
1,0,0,0,0,360.0,0.0,0,0,5124.0,8.54188580400661,4.8283137373023015,-0.2952594009413308,-0.2551005909946623,879.1565160958029,0.0
1,1,0,0,0,360.0,1.0,1,0,8250.0,9.018089684104345,5.583496308781699,0.1455646349833282,1.2985546204257925,1253.1335346835933,0.00012119743061447097
1,1,3,0,0,360.0,1.0,2,1,3029.0,8.016317898503415,4.605170185988092,-0.5906932957788742,-0.5305713731614096,540.3939397900799,0.00033003300330033004
1,1,0,0,0,360.0,1.0,1,1,12893.0,9.722744748855389,4.709530201312334,1.3360433653979065,-0.4093642290080408,2258.154269336652,7.755545214828603e-05
1,0,0,0,0,360.0,1.0,0,1,4690.0,8.453401058328458,4.844187086458591,-0.3564614583921631,-0.2330629284213225,802.5068209857745,0.00021317416329140907
1,0,0,0,0,360.0,1.0,0,1,6211.0,8.734238184268579,4.499809670330265,-0.14197222018314,-0.6407596860281085,1129.311807553338,0.00016097875080489375
0,0,1,0,0,360.0,1.0,1,0,4723.0,8.460411177317253,4.406719247264253,-0.351807845728851,-0.7289103363214676,873.5426760673381,0.00021168501270110075
0,1,0,0,0,360.0,1.0,1,1,2928.0,7.982416346827733,4.875197323201151,-0.6049361708999204,-0.1889876032746429,498.3662401324513,0.0003414134516899966
1,1,0,0,0,360.0,1.0,1,1,12893.0,9.5876803163585,6.07993319509559,1.0386352106425942,3.1827747704463443,1821.0623807765921,7.755545214828603e-05
1,1,2,0,0,360.0,1.0,2,1,11179.0,9.32188174670909,5.303304908059076,0.5586080134936693,0.5823305867922495,1773.5140792105924,8.944543828264758e-05
1,1,0,0,0,180.0,1.0,1,1,4600.0,8.434028950155469,4.30406509320417,-0.3691531292921053,-0.8170609866148268,867.2593414989848,0.00021734405564007825
1,1,1,0,0,360.0,1.0,1,1,6325.0,8.752423403865594,5.170483995038151,-0.1258961037098799,0.3068598046255022,1025.04114832582,0.00015807777426493836
0,0,0,0,0,360.0,1.0,2,0,2378.0,7.774435510302958,2.302585092994046,-0.6824963819551227,-1.5222661889617,720.0420074094627,0.0004203446826397646
1,1,0,1,0,180.0,1.0,2,0,6200.0,8.732465848349879,4.836281906951478,-0.143523424404244,-0.2440817597079924,1062.320172131388,0.00016126431220770844
1,1,0,0,0,360.0,1.0,1,1,8588.0,9.058237593766226,5.170483995038151,0.1932289101408889,0.3068598046255022,1391.7870959402596,0.00011642798928862498
1,1,3,1,0,360.0,1.0,0,1,3095.0,8.037866234709618,4.736198448394496,-0.5813860704522499,-0.3763077351480311,539.5559494400441,0.00032299741602067185
1,1,3,0,0,360.0,1.0,2,1,5703.0,8.648922962094131,4.859812404361672,-0.2136096514850359,-0.2110252658479827,973.2393473475446,0.0001753155680224404
1,1,2,0,0,360.0,1.0,2,1,5780.0,8.662331957082475,5.262690188904886,-0.2027512219373076,0.4941799364988903,922.9260630263924,0.0001729804532087874
1,1,2,0,0,360.0,1.0,0,1,3664.0,8.206583614320753,4.624972813284271,-0.5011465066515042,-0.5085337105880698,651.3809260281009,0.00027285129604365623
1,1,0,0,0,360.0,0.0,1,0,5297.0,8.575084669832014,4.919980925828125,-0.2708631891003307,-0.1228746155546235,894.7663964405463,0.0
0,0,0,0,0,480.0,1.0,0,1,4328.0,8.37309184744198,4.736198448394496,-0.4075101791230417,-0.3763077351480311,754.5066717856255,0.000231000231000231
1,1,2,0,0,360.0,1.0,0,1,5614.0,8.633196867172543,5.068904202220232,-0.2261603038194232,0.119539672752114,925.0434366629463,0.00017809439002671417
1,1,1,0,0,480.0,1.0,1,1,4725.0,8.460834457746854,4.820281565605037,-0.3515258085977412,-0.2661194222813322,811.8163952621115,0.00021159542953872197
1,1,0,0,0,180.0,1.0,2,1,5740.0,8.655388690167637,4.795790545596741,-0.2083919645595041,-0.2991759161413418,990.3739541382965,0.00017418568193694478
1,1,0,1,0,360.0,0.0,0,0,6096.0,8.715552125907816,5.389071729816501,-0.158189355221955,0.7806695499523075,954.1292159158592,0.0
1,1,3,0,1,360.0,1.0,1,1,7040.0,8.859505484519133,5.236441962829949,-0.0250678293381168,0.4390857800655409,1128.8487958293153,0.000142025280499929
0,0,1,0,1,360.0,1.0,1,1,7451.0,8.916237731721479,4.836281906951478,0.0328908011049524,-0.2440817597079924,1276.6689681533826,0.00013419216317767042
1,1,1,1,0,360.0,1.0,0,1,4867.0,8.490438454107418,4.836281906951478,-0.3315011722889435,-0.2440817597079924,833.9213351231397,0.00020542317173377156
1,0,3,0,0,360.0,1.0,0,1,9167.0,9.12347443895452,5.225746673713202,0.2748786595971837,0.4170481174922011,1472.4338268862707,0.00010907504363001745
1,1,0,0,0,360.0,1.0,2,1,4570.0,8.427487278331744,5.081404364984463,-0.3733836862587527,0.1415773353254538,751.4711612194653,0.0002187705097352877
1,0,0,0,0,360.0,1.0,1,1,5050.0,8.527341522468053,4.77912349311153,-0.3056947747923944,-0.3212135787146816,873.8349346608333,0.00019798059790140566
1,1,2,0,1,360.0,1.0,2,0,12893.0,9.980494888896912,5.480638923341991,2.028162485141421,1.0120650069723751,1989.4643340739044,7.755545214828603e-05
1,1,2,1,0,300.0,1.0,2,1,3414.0,8.13593277200489,4.110873864173311,-0.5364011480402325,-0.9603057933415354,667.9875283034827,0.00029282576866764275
1,1,3,0,0,360.0,0.0,0,0,12893.0,11.302216779257382,5.8888779583328805,10.404665279103272,2.3453435926594324,1871.5674857332103,0.0
1,1,2,1,0,360.0,1.0,2,1,5093.0,8.535818655539403,4.406719247264253,-0.2996309764735331,-0.7289103363214676,941.9760426023614,0.00019630938358853554
1,1,0,0,0,360.0,1.0,1,1,9862.0,9.196545660953994,5.170483995038151,0.3728865626578485,0.3068598046255022,1598.2538821801165,0.0001013890297069857
1,1,1,0,0,360.0,1.0,0,1,5938.0,8.68929604801586,5.081404364984463,-0.1804702885796313,0.1415773353254538,976.4192024772834,0.00016837851490149856
1,1,2,1,1,360.0,1.0,0,0,7383.0,8.907070776182689,5.236441962829949,0.0233015386472183,0.4390857800655409,1183.8481050579312,0.00013542795232936077
1,1,1,0,0,360.0,0.0,0,0,4704.0,8.45638105201948,4.990432586778736,-0.3544871984743943,-0.0126863026879246,785.2521386155026,0.0
1,1,0,1,0,360.0,1.0,0,1,5686.0,8.645938147306799,5.049856007249537,-0.2160069670994694,0.0864831788921043,939.8570797695799,0.00017583963425356076
1,0,0,1,0,120.0,1.0,1,1,3620.0,8.19450550976564,3.258096538021482,-0.5073513235359204,-1.3459648883749815,850.1451218111714,0.00027616680475006904
1,1,2,0,0,360.0,1.0,2,1,4340.0,8.375860015299594,4.700480365792417,-0.4058179563363828,-0.4203830602947107,761.3393471265298,0.000230361667818475
0,0,0,0,0,360.0,0.0,2,0,3180.0,8.064950891749143,4.276666119016055,-0.5693994923800823,-0.8390986491881666,602.6532526930049,0.0
1,1,2,0,0,84.0,1.0,2,1,3620.0,8.19450550976564,4.691347882229144,-0.5073513235359204,-0.4314018915813806,636.0531942359752,0.00027616680475006904
1,1,0,0,0,360.0,1.0,1,1,6277.0,8.744806737401898,4.90527477843843,-0.1326649948565157,-0.1449122781279633,1062.9479974274573,0.00015928639694170118
1,1,0,0,0,360.0,1.0,2,1,2400.0,7.783640596221253,4.330733340286331,-0.6793939735129146,-0.795023324041487,450.21948141024217,0.00041649312786339027
0,0,0,0,0,360.0,1.0,2,1,2500.0,7.824445930877619,4.219507705176107,-0.6652921169574233,-0.8831739743348461,478.97237464000443,0.00039984006397441024
1,1,0,0,0,360.0,1.0,0,1,5772.0,8.660947155060933,4.867534450455582,-0.2038793704617469,-0.2000064345613128,983.7181270494007,0.00017322016282695306
1,0,2,0,0,360.0,0.0,0,0,3547.0,8.17413934342947,4.394449154672439,-0.5176456788214291,-0.7399291676081375,657.5277471894867,0.0
1,0,0,0,0,360.0,1.0,1,1,4750.0,8.46611040118692,4.553876891600541,-0.3480003444588683,-0.585665529594759,855.2584244680879,0.00021048200378867606
1,1,2,1,0,180.0,1.0,2,1,7551.0,8.929567707825337,4.897839799950911,0.0469926576604438,-0.1559311094146332,1280.2992716185422,0.00013241525423728814
0,0,1,1,0,360.0,1.0,0,0,4606.0,8.435332164935916,4.406719247264253,-0.3683070178987758,-0.7289103363214676,851.9029358386956,0.00021706099413935315
1,1,1,0,0,360.0,1.0,1,1,3750.0,8.229777750081887,4.762173934797756,-0.4890189100137816,-0.3432512412880214,650.7960437212348,0.00026659557451346307
1,1,0,0,0,300.0,1.0,0,1,12893.0,9.659311868393488,5.170483995038151,1.1913583171385655,0.3068598046255022,2089.4633241683473,7.755545214828603e-05
0,0,1,0,0,360.0,1.0,2,0,2600.0,7.8636512654486515,5.081404364984463,-0.651190260401932,0.1415773353254538,427.53282695199346,0.00038446751249519417
1,1,3,0,0,360.0,0.0,1,0,12893.0,9.73014555852275,6.206575926724928,1.3535296675267157,3.832885816359868,1789.0604541037983,0.0
1,1,2,0,0,360.0,1.0,1,1,3760.0,8.232440158470336,4.912654885736052,-0.4876087243582325,-0.1338934468412934,635.9241445109183,0.00026588673225206064
1,0,0,0,1,360.0,1.0,2,1,7167.0,8.877381954654766,4.859812404361672,-0.0071584715126428,-0.2110252658479827,1223.0766969033584,0.00013950892857142856
1,1,3,0,0,360.0,1.0,2,0,5250.0,8.566173813637858,4.553876891600541,-0.2774910616814117,-0.585665529594759,945.2856270436761,0.00019043991620643687
1,0,0,1,0,360.0,1.0,1,1,6783.0,8.822322177471738,4.875197323201151,-0.0613096006857295,-0.1889876032746429,1154.5144148970005,0.00014740566037735848
1,1,0,0,1,360.0,1.0,1,1,9993.0,9.20974019190415,4.262679877041316,0.3913599947455421,-0.8501174804748365,1898.8424592563426,0.00010006003602161297
0,1,1,0,0,360.0,1.0,1,1,12000.0,9.39274525863144,6.208590026096629,0.6743842558142531,3.843904647646538,1664.6806041899245,8.332638946754438e-05
1,0,0,0,0,360.0,1.0,2,1,4950.0,8.507344855361422,4.836281906951478,-0.3197966313478856,-0.2440817597079924,848.1427180726405,0.00020197939810139365
1,1,0,1,0,360.0,1.0,2,1,4941.0,8.505525386548555,4.795790545596741,-0.3210657984378799,-0.2991759161413418,852.5152800343769,0.00020234722784297855
1,0,0,1,0,360.0,0.0,0,0,6045.0,8.707152175339404,4.7535901911063645,-0.1653813020652556,-0.3542700725746913,1050.6483428979845,0.0
1,1,0,0,0,360.0,1.0,2,1,10039.0,9.21433239324572,5.783825182329737,0.3978468487610681,1.9486656663393165,1479.843558785864,9.960159362549801e-05
1,1,2,1,0,180.0,1.0,1,1,3618.0,8.193953023563742,4.736198448394496,-0.5076333606670302,-0.3763077351480311,630.7313166636768,0.00027631942525559546
1,0,0,0,0,360.0,1.0,1,1,5762.0,8.659213451436667,4.976733742420574,-0.205289556117296,-0.0347239652612644,964.0717235073605,0.00017352073572791948
1,0,0,1,0,480.0,0.0,2,0,3784.0,8.23880116587155,4.634728988229636,-0.4842242787849146,-0.4975148793013999,671.5496003276082,0.0
1,0,0,0,0,360.0,1.0,0,1,9508.0,9.159993997539445,5.236441962829949,0.3229659904514091,0.4390857800655409,1524.5872657308423,0.0001051635292880429
1,1,3,0,0,360.0,1.0,0,1,12893.0,9.61587214452889,5.707110264748875,1.097439952478993,1.6842137154592387,1922.288361317515,7.755545214828603e-05
1,0,0,0,0,360.0,1.0,2,0,12893.0,10.482177411118249,4.51085950651685,4.012716758195716,-0.6297408547414386,2339.562455684712,7.755545214828603e-05
1,1,1,0,0,360.0,1.0,1,0,12893.0,10.077860939480908,5.857933154483459,2.3396724964522244,2.2241364485060635,1880.0124920393896,7.755545214828603e-05
1,1,0,0,0,360.0,1.0,2,1,3677.0,8.210124405164267,4.51085950651685,-0.4993132652992903,-0.6297408547414386,667.2280423138668,0.0002718868950516585
1,1,0,1,0,360.0,0.0,1,0,4511.0,8.414495793177895,4.762173934797756,-0.3817037816264926,-0.3432512412880214,782.8642541937306,0.0
1,1,2,0,0,360.0,1.0,0,1,11500.0,9.35018926709258,5.111987788356544,0.6038749730367965,0.1966714917588032,1881.5482619104255,8.694896095991653e-05
1,1,2,0,0,360.0,1.0,1,1,5726.0,8.652947112393857,4.762173934797756,-0.2103662244772729,-0.3432512412880214,993.7221723594107,0.00017461148943600488
1,1,3,1,0,360.0,1.0,0,0,4234.0,8.351138607086154,5.159055299214529,-0.4207659242852036,0.2848221420521624,687.443088965278,0.0002361275088547816
1,0,0,0,0,360.0,0.0,0,0,6500.0,8.77971129020447,4.663439094112067,-0.10121785473777,-0.4644583854413902,1147.7125280216494,0.0
0,0,1,0,0,360.0,1.0,1,1,3652.0,8.203304026795282,4.564348191467836,-0.5028387294381632,-0.5746466983080891,656.3212571060598,0.0002737476047084588
1,1,1,1,0,360.0,1.0,2,1,4583.0,8.430327258394575,4.912654885736052,-0.3715504449065389,-0.1338934468412934,775.1171155036005,0.0002181500872600349
1,0,0,0,0,360.0,1.0,1,1,4133.0,8.327000740241713,4.812184355372417,-0.4350087994062498,-0.2771382535680021,711.0923789228598,0.00024189646831156264
1,1,0,0,0,360.0,1.0,0,1,4801.0,8.4767877767812,4.709530201312334,-0.3408083976155677,-0.4093642290080408,840.87478841893,0.00020824656393169514
1,1,3,1,1,60.0,1.0,2,1,7100.0,8.867990898182093,4.836281906951478,-0.016606715404822,-0.2440817597079924,1216.5279390536864,0.0001408252358822701
1,1,0,0,0,360.0,1.0,0,0,12893.0,9.936341889407077,4.836281906951478,1.8965921634786869,-0.2440817597079924,2209.1119321435463,7.755545214828603e-05
1,0,0,0,0,360.0,1.0,2,1,3750.0,8.229777750081887,4.61512051684126,-0.4890189100137816,-0.5195525418747398,667.8396285089054,0.00026659557451346307
1,1,2,1,0,360.0,1.0,0,0,2281.0,7.732807530422021,4.736198448394496,-0.6961751828139493,-0.3763077351480311,397.6501197650212,0.00043821209465381246
1,0,0,0,0,480.0,1.0,2,0,3750.0,8.229777750081887,4.736198448394496,-0.4890189100137816,-0.3763077351480311,653.743072827194,0.00026659557451346307
1,1,2,1,0,360.0,1.0,0,1,4652.0,8.445267451844648,4.709530201312334,-0.3618201638832498,-0.4093642290080408,814.7780703446913,0.0002149151085321298
1,1,0,0,1,360.0,1.0,0,1,5970.0,8.694669696546992,5.1298987149230735,-0.1759576944818741,0.2297279856188129,973.9149499266922,0.00016747613465081226
1,1,0,0,0,360.0,1.0,2,1,11146.0,9.318925682389624,4.919980925828125,0.5539544008303572,-0.1228746155546235,1882.7763365539604,8.971023593792052e-05
1,1,0,0,0,360.0,1.0,2,0,5746.0,8.656433258507741,5.545177444479562,-0.2075458531661747,1.1883663075590936,877.8982768215677,0.00017400382808421786
1,1,1,0,0,360.0,1.0,2,0,12893.0,9.81651253852172,6.2166061010848646,1.5674548314735193,3.8879799727932176,1786.5738852037123,7.755545214828603e-05
1,1,1,0,0,360.0,1.0,2,1,3612.0,8.19229373114764,4.454347296253507,-0.5084794720603597,-0.6848350111747881,662.2240579511719,0.0002767783005812344
1,1,2,0,0,360.0,1.0,2,1,5318.0,8.579040594742317,5.003946305945459,-0.2679017992236776,0.0093513598854151,885.7507594186519,0.00018800526414739614
0,1,0,1,0,360.0,1.0,1,1,3680.0,8.210939733379021,4.634728988229636,-0.4988902096026256,-0.4975148793013999,653.0926345680756,0.00027166530834012495
0,1,0,0,0,360.0,1.0,1,1,3166.0,8.06054004653864,3.610917912644224,-0.571373752297851,-1.2247577442216129,686.6311784293712,0.00031575623618566466
1,1,3,0,0,360.0,1.0,0,1,12893.0,10.077608912764743,5.916202062607435,2.338826385058895,2.455531905526131,1864.1734124146294,7.755545214828603e-05
0,1,0,0,0,360.0,1.0,1,1,5450.0,8.603554357064281,5.043425116919247,-0.249287348570429,0.0754643476054344,901.8064912796079,0.000183452577508714
0,0,0,0,1,360.0,1.0,2,1,2500.0,7.824445930877619,4.543294782270004,-0.6652921169574233,-0.596684360881429,450.9953192451798,0.00039984006397441024
1,1,0,0,0,360.0,1.0,0,0,5566.0,8.624611588183507,4.912654885736052,-0.2329291949660591,-0.1338934468412934,941.3706883903645,0.00017962996227770793
1,1,0,0,0,360.0,1.0,0,0,12893.0,10.12651109664976,6.3473892096560105,2.507061533765907,4.65929816286011,1754.7729720178554,7.755545214828603e-05
0,0,0,0,0,360.0,1.0,0,0,3418.0,8.137103389639302,4.912654885736052,-0.5358370737780128,-0.1338934468412934,578.0821079623188,0.0002924831822170225
1,1,1,0,0,360.0,1.0,2,1,5649.0,8.639410824140487,3.80666248977032,-0.2212246540250012,-1.1366070939282538,1175.2437397096983,0.00017699115044247788
1,1,0,0,0,360.0,1.0,0,1,8875.0,9.091106284052485,5.236441962829949,0.233701238455149,0.4390857800655409,1423.087082810394,0.00011266336187471834
1,1,1,0,0,360.0,1.0,1,0,5708.0,8.64979915596426,5.14166355650266,-0.2129045586572614,0.2517656481921527,929.3898872002674,0.00017516202487300754
0,0,0,0,0,360.0,1.0,0,1,7200.0,8.881975184248867,4.795790545596741,-0.0025048588493307,-0.2991759161413418,1242.2809180828808,0.00013886960144424384
1,0,1,0,0,360.0,1.0,1,1,12893.0,10.537945736747394,5.030437921392435,4.301240743321069,0.0534266850320946,2137.9873515094555,7.755545214828603e-05
1,0,0,0,0,360.0,1.0,0,1,6500.0,8.77971129020447,4.948759890378168,-0.10121785473777,-0.078799290407944,1092.6647099193624,0.00015382248884786957
0,0,0,0,0,360.0,1.0,0,0,2378.0,7.774435510302958,3.8501476017100575,-0.6824963819551227,-1.114569431354914,490.2943570545293,0.0004203446826397646
1,1,0,0,0,360.0,1.0,1,1,5690.0,8.646641258603124,4.836281906951478,-0.2154428928372498,-0.2440817597079924,974.935770875419,0.00017571604287471446
1,1,0,1,0,360.0,1.0,0,1,6314.0,8.750683034784592,5.272999558563747,-0.1274473079309839,0.5162175990722302,1006.5360185431992,0.00015835312747426763
0,1,0,1,0,360.0,1.0,1,1,3572.0,8.181160858023409,4.61512051684126,-0.5141202146825562,-0.5195525418747398,636.1395074756828,0.000279876854184159
0,1,0,0,1,360.0,0.0,0,0,5500.0,8.612685172875459,4.663439094112067,-0.2422364202926833,-0.4644583854413902,971.1413698644725,0.0
1,0,0,0,1,180.0,1.0,1,1,6950.0,8.846640813100485,5.170483995038151,-0.037759500238059,0.3068598046255022,1126.3297993461579,0.00014386419220256078
1,1,1,0,1,360.0,1.0,1,1,5529.0,8.61794309451638,5.093750200806762,-0.2381468818915909,0.1636149978987936,907.3230470241472,0.00018083182640144665
0,0,0,0,0,360.0,0.0,1,0,3300.0,8.101980731853192,4.6443908991413725,-0.5524772645134927,-0.48649604801473,584.651215510605,0.0
1,1,0,0,0,360.0,1.0,1,1,4567.0,8.426830751335846,4.7535901911063645,-0.3738067419554174,-0.3542700725746913,793.7652575707353,0.00021891418563922942
1,1,0,0,0,360.0,1.0,2,1,6100.0,8.716207971151853,4.7535901911063645,-0.1576252809597353,-0.3542700725746913,1060.2075916753856,0.00016390755613833797
0,0,0,1,0,360.0,1.0,0,1,2213.0,7.7025561132685825,4.204692619390966,-0.7057644452716834,-0.894192805621516,425.1932173199034,0.00045167118337850043
1,0,2,0,0,360.0,1.0,1,1,3617.0,8.193676665955241,4.68213122712422,-0.5077743792325852,-0.4424207228680504,636.5569282761176,0.0002763957987838585
1,0,0,0,0,360.0,1.0,2,1,11376.0,9.339349052539715,5.220355825078324,0.5863886709079872,0.4060292862055312,1828.834285353243,8.78966335589347e-05
1,1,0,0,0,360.0,1.0,0,1,5461.0,8.60557030203365,4.762173934797756,-0.2477361443493249,-0.3432512412880214,947.7325852697768,0.0001830831197363603
1,0,0,0,1,180.0,1.0,2,0,10383.0,9.248021438943873,4.795790545596741,0.4463572353119583,-0.2991759161413418,1791.4726072853543,9.63020030816641e-05
1,0,0,0,0,360.0,1.0,2,1,3254.0,8.08794755464267,3.9318256327243257,-0.5589641185290186,-1.0704941062082345,659.7962382142249,0.00030721966205837174
1,1,0,0,0,360.0,1.0,0,1,5704.0,8.649098262296176,4.795790545596741,-0.213468632919481,-0.2991759161413418,984.1625495478821,0.00017528483786152498
1,1,0,0,0,180.0,1.0,0,1,7159.0,8.87626525995469,4.962844630259907,-0.0082866200370821,-0.0567616278346042,1200.6014652251563,0.00013966480446927373
1,1,0,0,0,360.0,0.0,2,0,5230.0,8.562357743370612,4.653960350157523,-0.2803114329925099,-0.4754772167280601,925.0153301577873,0.0
0,0,0,0,0,360.0,0.0,2,0,3510.0,8.163656176168432,4.343805421853684,-0.5228633657469608,-0.7840044927548171,656.8352930003268,0.0
1,0,0,0,0,360.0,1.0,0,1,5505.0,8.613593685702552,4.836281906951478,-0.2415313274649088,-0.2440817597079924,943.2375076747244,0.00018162005085361425
1,1,2,1,0,360.0,1.0,0,1,5191.0,8.554874258383926,4.836281906951478,-0.2858111570491515,-0.2440817597079924,889.436131215167,0.0001926040061633282
0,0,3,0,0,360.0,1.0,0,1,3083.0,8.03398273468322,5.545177444479562,-0.5830782932389088,1.1883663075590936,471.03383004540433,0.00032425421530479895
1,0,0,1,0,360.0,1.0,0,1,4885.0,8.494129251817686,3.8918202981106265,-0.328962838108955,-1.092531768781574,998.6057750090981,0.00020466639377814163
1,1,1,0,0,180.0,1.0,0,1,12893.0,9.5876803163585,5.225746673713202,1.0386352106425942,0.4170481174922011,2070.9162572318846,7.755545214828603e-05
1,1,1,0,0,360.0,1.0,1,1,5900.0,8.682877107057168,5.159055299214529,-0.185828994070718,0.2848221420521624,957.9391178306896,0.0001694628029147602
1,1,1,0,0,360.0,0.0,2,0,12893.0,9.521568058002975,5.198497031265826,0.90706488897986,0.3619539610588517,2080.020355735664,0.0
1,1,0,1,0,360.0,1.0,1,1,4625.0,8.439447842791385,4.663439094112067,-0.3656276651532325,-0.4644583854413902,816.6416064769428,0.00021616947686986597
1,1,0,1,0,360.0,0.0,1,0,4874.0,8.491875383431948,4.820281565605037,-0.3305140423300591,-0.2661194222813322,837.4165313243453,0.0
0,0,0,0,0,360.0,1.0,2,1,3410.0,8.134760782418645,4.48863636973214,-0.5369652223024521,-0.6517785173147784,621.2836432023311,0.0002931691586045148
1,1,1,0,0,360.0,1.0,2,1,9538.0,9.163143937145207,5.236441962829949,0.3271965474180566,0.4390857800655409,1529.3977009403422,0.0001048327916972429
1,1,3,0,0,300.0,1.0,2,1,12893.0,10.85445020594156,6.55250788703459,6.281705477974271,6.091746230127196,1707.1150659946277,7.755545214828603e-05
1,0,1,1,0,240.0,1.0,2,1,3596.0,8.187855443695623,4.61512051684126,-0.5107357691092383,-0.5195525418747398,640.4136810981397,0.00027800945232137893
1,1,1,0,0,360.0,1.0,1,1,8069.0,8.995908761263994,5.525452939131784,0.1200402746178889,1.1332721511257442,1236.5425167059109,0.00012391573729863693
0,1,0,0,0,360.0,0.0,2,0,6085.0,8.713746330456916,4.795790545596741,-0.1597405594430591,-0.2991759161413418,1049.8999147964346,0.0
1,1,3,0,0,360.0,1.0,0,1,6894.0,8.838551790227402,5.017279836814924,-0.0456565399091342,0.0313890224587549,1145.7004139679736,0.000145032632342277
0,0,0,1,0,360.0,1.0,0,1,4350.0,8.37816098272068,5.043425116919247,-0.4044077706808336,0.0754643476054344,719.7905022139989,0.00022983222247759135
0,0,0,0,0,360.0,1.0,2,1,3477.0,8.154212694914229,4.007333185232471,-0.527516978410273,-1.0264187810615548,694.3815942294993,0.0002875215641173088
1,1,0,0,0,360.0,1.0,0,0,3250.0,8.086717920303906,5.14166355650266,-0.5595281927912383,0.2517656481921527,529.1725881921634,0.00030759766225776686
1,1,0,0,0,360.0,1.0,1,1,5052.0,8.527737405291909,4.812184355372417,-0.3054127376612845,-0.2771382535680021,869.2084922134738,0.00019790223629527012
1,1,0,0,0,360.0,1.0,2,1,3338.0,8.113426639943654,4.836281906951478,-0.5471185590224059,-0.2440817597079924,571.9394733184796,0.0002994908655286014
1,0,0,0,1,360.0,1.0,0,1,6822.0,8.828054536815424,4.955827057601261,-0.0558098766290879,-0.0677804591212741,1145.4328565993644,0.0001465630954125751
1,0,0,0,1,360.0,1.0,0,1,6400.0,8.764209507142004,5.303304908059076,-0.1153197112932613,0.5823305867922495,1015.3403799040873,0.0001562255897516013
0,1,0,0,0,360.0,1.0,1,1,5126.0,8.5422759717837,4.976733742420574,-0.2949773638102209,-0.0347239652612644,857.659086202487,0.0001950458357714063
0,0,0,0,0,360.0,1.0,2,1,4223.0,8.348537825386098,4.709530201312334,-0.4223171285063076,-0.4093642290080408,739.64053978195,0.00023674242424242425
1,1,0,0,0,360.0,1.0,2,0,6784.0,8.82246957226897,4.709530201312334,-0.0611685821201746,-0.4093642290080408,1188.18882829286,0.00014738393515106854
1,0,0,0,0,360.0,1.0,0,1,4191.0,8.340933226000878,4.795790545596741,-0.4268297226040649,-0.2991759161413418,723.1110177340768,0.00023854961832061068
1,1,1,1,0,360.0,1.0,0,0,9352.0,9.143452426434552,4.934473933130692,0.3009670942248427,-0.1008369529812838,1575.8768351462645,0.00010691756655618518
1,0,0,0,0,360.0,1.0,2,1,6099.0,8.716044050161402,5.087596335232384,-0.1577662995252902,0.1525961666121237,1001.8732623090689,0.0001639344262295082
1,1,1,0,0,360.0,0.0,1,0,4369.0,8.382518288089635,4.804021044733257,-0.4017284179352903,-0.2881570848546719,752.7539900918454,0.0
1,0,0,0,0,360.0,1.0,2,0,9166.0,9.123365357961776,5.501258210544727,0.2747376410316288,1.0671591634057247,1409.8809342987163,0.00010908694229300753
0,1,0,0,0,360.0,1.0,1,1,5262.0,8.56845648535378,4.941642422609304,-0.2757988388947527,-0.0898181216946139,885.613711787315,0.00019000570017100514
1,1,0,1,1,360.0,1.0,2,0,4735.0,8.462948176563842,4.934473933130692,-0.350115622942192,-0.1008369529812838,797.8803266058129,0.00021114864864864866
1,1,0,0,0,360.0,1.0,1,1,8235.0,9.01627006814768,4.836281906951478,0.1434493565000045,-0.2440817597079924,1411.001067339029,0.00012141816415735794
0,0,0,1,0,360.0,0.0,2,0,2720.0,7.908754738783246,4.394449154672439,-0.6342680325353424,-0.7399291676081375,504.2220108134773,0.0
1,1,0,0,0,360.0,1.0,1,1,4663.0,8.447628728030327,4.934473933130692,-0.3602689596621458,-0.1008369529812838,785.7478274472874,0.0002144082332761578
1,1,0,0,0,360.0,1.0,2,1,3819.0,8.24800570160062,4.653960350157523,-0.4792886289904926,-0.4754772167280601,675.455744908717,0.0002617801047120419
0,0,0,0,0,360.0,1.0,2,1,10408.0,9.250426095515468,5.560681631015528,0.4498826994508311,1.2324416327057732,1586.4205253911925,9.607070804111827e-05
1,1,2,0,0,360.0,1.0,2,0,4616.0,8.43750042250699,4.90527477843843,-0.3668968322432267,-0.1449122781279633,781.6740411223742,0.00021659085986571366
1,1,0,0,1,360.0,1.0,0,1,6327.0,8.75273950944749,5.030437921392435,-0.12561406657877,0.0534266850320946,1049.1775361048883,0.00015802781289506955
0,0,0,1,0,360.0,1.0,1,1,1963.0,7.582738488914411,3.9889840465642745,-0.7410190866604117,-1.0374376123482247,393.4668825713813,0.0005091649694501018
1,0,0,1,0,360.0,1.0,0,1,6506.0,8.780633799494984,4.02535169073515,-0.1003717433444405,-1.015399949774885,1294.6357589250135,0.0001536806516059628
1,1,2,0,0,360.0,1.0,2,1,5532.0,8.618485442898109,5.1298987149230735,-0.2377238261949261,0.2297279856188129,902.4618932989048,0.0001807337791433219
1,1,0,0,0,360.0,0.0,2,0,3158.0,8.058010800802085,4.61512051684126,-0.5725019008222904,-0.5195525418747398,562.4100124882996,0.0
1,1,0,0,0,360.0,0.0,0,0,5681.0,8.645058562414134,5.010635294096256,-0.216712059927244,0.020370191172085,945.1579944602479,0.0
1,1,1,1,0,180.0,1.0,1,1,9762.0,9.186355009225672,5.634789603169249,0.3587847061023571,1.452818258439171,1471.3352772086355,0.00010242753252074157
1,1,1,0,0,360.0,1.0,2,1,3428.0,8.14002395246292,4.574710978503383,-0.5344268881224638,-0.5636278670214193,614.9197713062964,0.00029163021289005544
1,1,0,0,0,360.0,0.0,2,0,6567.0,8.789964651132264,5.111987788356544,-0.0917696108455908,0.1966714917588032,1074.445863997023,0.0
0,0,1,0,0,36.0,1.0,1,0,3481.0,8.155362120328135,5.049856007249537,-0.5269529041480533,0.0864831788921043,575.3855952651966,0.0002871912693854107
1,1,3,0,0,180.0,1.0,0,1,4106.0,8.320448113956559,3.713572066704308,-0.4388163006762325,-1.1806824190749332,871.1015641415413,0.00024348672997321646
0,1,1,0,0,360.0,1.0,2,1,4666.0,8.448271745949816,4.912654885736052,-0.359845903965481,-0.1338934468412934,789.1548027361554,0.00021427040925648167
0,1,0,1,0,360.0,0.0,1,0,5386.0,8.591743922680534,5.187385805840755,-0.2583125367659434,0.3399162984855118,870.4807117273559,0.0
1,0,0,0,0,360.0,0.0,0,0,6277.0,8.744806737401898,4.77912349311153,-0.1326649948565157,-0.3212135787146816,1086.150868290307,0.0
1,1,2,0,1,360.0,0.0,0,0,6633.0,8.799963219506997,4.836281906951478,-0.0824623855189665,-0.2440817597079924,1136.5112422173383,0.0
1,1,2,0,1,360.0,1.0,1,1,6666.0,8.80492526261806,5.081404364984463,-0.0778087728556544,0.1415773353254538,1096.1283940238416,0.00014999250037498125
1,1,1,0,0,360.0,1.0,2,1,2963.0,7.994294986415977,3.4339872044851463,-0.6000005211054984,-1.2908707319416322,668.2473050447265,0.00033738191632928474
0,1,2,0,0,360.0,1.0,2,1,12893.0,9.60689927061335,4.262679877041316,1.0785434646946346,-0.8501174804748365,2449.8925074744348,7.755545214828603e-05
1,1,0,0,0,360.0,1.0,1,1,10916.0,9.29807648628027,5.560681631015528,0.5215201307527271,1.2324416327057732,1663.8515041477958,9.160025648071815e-05
0,0,1,1,0,360.0,1.0,1,1,5191.0,8.554874258383926,4.890349128221754,-0.2858111570491515,-0.1669499407013031,881.2720412664434,0.0001926040061633282
1,1,1,0,1,360.0,0.0,0,0,12893.0,9.521494800613103,5.932245187448011,0.9069238704143052,2.5216448932461506,1859.8592016544558,0.0
1,1,1,0,1,300.0,0.0,0,0,2178.0,7.68662133494462,4.204692619390966,-0.7107000950661053,-0.894192805621516,418.4685166392903,0.0
1,1,2,0,0,360.0,1.0,1,1,2957.0,7.992268643270745,4.406719247264253,-0.6008466324988279,-0.7289103363214676,546.9120671461187,0.0003380662609871535
1,1,0,0,0,360.0,1.0,0,1,5182.0,8.553139318189707,4.691347882229144,-0.2870803241391458,-0.4314018915813806,910.5048763897303,0.00019293845263360988
1,1,0,0,0,360.0,1.0,1,1,4732.0,8.462314529906248,4.812184355372417,-0.3505386786388568,-0.2771382535680021,814.1517389457954,0.00021128248468201986
0,0,0,1,0,360.0,1.0,2,1,4272.0,8.360071435644025,4.795790545596741,-0.4154072187941169,-0.2991759161413418,737.0866780625092,0.0002340276152586005
0,0,0,0,0,360.0,1.0,0,1,2900.0,7.972810784121404,4.276666119016055,-0.6088846907354579,-0.8390986491881666,549.5894442797843,0.0003447087211306446
0,1,0,1,0,360.0,1.0,0,1,4100.0,8.31898612539206,4.8283137373023015,-0.4396624120695619,-0.2551005909946623,703.4624738471491,0.000243842965130456
0,0,0,0,0,480.0,0.0,2,0,5417.0,8.59748202264504,4.969813299576001,-0.2539409612337411,-0.0457427965479343,907.3985614231414,0.0
1,1,2,1,0,180.0,0.0,2,0,2889.0,7.969011781106478,3.828641396489095,-0.610435894956562,-1.1255882626415838,598.3049397912613,0.0
0,0,0,0,0,360.0,0.0,1,1,11117.0,9.316320695513417,4.927253685157205,0.5498648624292647,-0.1118557842679537,1875.5735101803982,0.0
1,1,1,0,0,360.0,1.0,1,0,12893.0,10.429605648120411,5.564520407322694,3.7550758389268895,1.2434604639924431,1964.042946019014,7.755545214828603e-05
1,1,3,1,0,180.0,1.0,2,0,3992.0,8.292298107063221,4.836281906951478,-0.4548924171494926,-0.2440817597079924,683.9971172820163,0.00025043826696719256
1,0,0,0,1,360.0,0.0,2,0,10416.0,9.251194365984448,5.236441962829949,0.4510108479752704,0.4390857800655409,1670.1831047383735,0.0
1,1,2,0,0,360.0,1.0,2,1,9703.0,9.180293450623886,4.727387818712341,0.3504646107346172,-0.387326566434701,1694.1405588597763,0.00010305028854080792
0,0,0,0,0,360.0,1.0,2,1,2995.0,8.005033344637111,4.110873864173311,-0.5954879270077412,-0.9603057933415354,586.0054620002726,0.0003337783711615487
1,1,0,0,0,360.0,1.0,0,0,8649.0,9.065314599925925,5.209486152841421,0.2018310426397386,0.3839916236321914,1392.868876282504,0.00011560693641618497
1,0,0,0,0,360.0,1.0,1,1,12893.0,10.021315031649332,4.6443908991413725,2.155079194140843,-0.48649604801473,2284.2145822964335,7.755545214828603e-05
0,1,2,0,0,360.0,1.0,1,1,6666.0,8.80492526261806,4.852030263919617,-0.0778087728556544,-0.2220440971346526,1139.0918534886723,0.00014999250037498125
1,0,0,1,0,360.0,1.0,1,1,3946.0,8.280711075662847,4.890349128221754,-0.4613792711650186,-0.1669499407013031,669.9093575105732,0.0002533569799847986
0,0,1,0,0,360.0,1.0,2,1,12893.0,9.492733482494351,3.713572066704308,0.8523496855445537,-1.1806824190749332,2735.292855936895,7.755545214828603e-05
1,1,3,0,0,360.0,0.0,2,1,6144.0,8.723394022000136,5.081404364984463,-0.1514204640753192,0.1415773353254538,1010.2929572280952,0.0
1,1,0,0,0,360.0,1.0,0,1,9734.0,9.1834829178063,5.198497031265826,0.3548361862668195,0.3619539610588517,1570.3806827527303,0.00010272213662044171
1,1,0,1,0,360.0,1.0,0,1,4300.0,8.366602832783736,4.68213122712422,-0.4114586989585793,-0.4424207228680504,756.7583056641707,0.00023250406882120437
1,1,0,1,0,360.0,0.0,0,0,7686.0,8.947285869349132,5.030437921392435,0.0660301640103571,0.0534266850320946,1274.534304172937,0.0
1,0,0,1,0,360.0,1.0,0,1,5787.0,8.663542087751374,4.795790545596741,-0.2017640919784232,-0.2991759161413418,998.4832879091153,0.00017277125086385625
1,1,2,1,0,360.0,1.0,0,1,5398.0,8.593969030218288,5.062595033026967,-0.2566203139792845,0.1085208414654441,890.3777954149208,0.00018521948508983145
1,0,1,0,0,180.0,0.0,2,0,5049.0,8.527143522269405,4.718498871295094,-0.3058357933579492,-0.3983453977213709,882.9240179348903,0.0
0,0,0,0,0,360.0,1.0,1,1,8333.0,9.0280988119824,5.638354669333745,0.157269175924386,1.4638370897258408,1255.2809265366259,0.00011999040076793856
1,1,0,0,0,360.0,1.0,2,1,4192.0,8.341171747170762,4.48863636973214,-0.4266887040385099,-0.6517785173147784,763.7598335202849,0.00023849272597185786
0,0,1,1,1,360.0,1.0,1,0,3867.0,8.260492856573185,4.143134726391533,-0.4725197378438568,-0.9382681307681956,751.8760844737039,0.0002585315408479835
1,1,0,1,0,480.0,0.0,2,0,4666.0,8.448271745949816,4.61512051684126,-0.359845903965481,-0.5195525418747398,830.9705884326808,0.0
1,1,0,0,0,360.0,1.0,0,0,12893.0,9.728181330636078,5.720311776607412,1.3488760548634036,1.7282890406059184,1918.512180473377,7.755545214828603e-05
1,1,2,0,0,180.0,1.0,2,1,3286.7999878,8.097973923364721,4.3694478524670215,-0.554338711299244,-0.7619668301814774,612.1299765095702,0.0003041547550674275
1,1,3,0,0,360.0,1.0,0,1,12893.0,9.52857589747142,4.875197323201151,0.9206026712731318,-0.1889876032746429,2194.479485665196,7.755545214828603e-05
1,1,2,0,0,360.0,1.0,2,0,4566.0,8.426611813185,4.61512051684126,-0.3739477605209724,-0.5195525418747398,813.1615316724433,0.0002189621195533173
1,1,0,0,0,360.0,1.0,1,1,6250.0,8.740496729931813,4.859812404361672,-0.1364724961264984,-0.2110252658479827,1066.5870455763904,0.00015997440409534473
1,1,3,0,0,360.0,1.0,1,1,4691.0,8.453614209773367,4.61512051684126,-0.3563204398266082,-0.5195525418747398,835.4228526227402,0.00021312872975277067
1,1,2,1,0,360.0,1.0,2,1,5251.0,8.566364235422688,4.844187086458591,-0.2773500431158567,-0.2330629284213225,898.4996411505974,0.0001904036557501904
1,1,2,0,0,360.0,1.0,0,1,7926.0,8.978029932837156,5.497168225293202,0.0998746197435363,1.0561403321190548,1219.9160811543122,0.00012615112905260502
0,0,0,0,0,360.0,1.0,2,1,4292.0,8.36474106822456,4.442651256490317,-0.4125868474830186,-0.695853842461458,788.5862602131315,0.00023293733985557886
1,0,0,0,0,360.0,1.0,2,1,5968.0,8.69433468816865,4.709530201312334,-0.1762397316129839,-0.4093642290080408,1045.269889040653,0.00016753224995811694
1,0,0,0,0,360.0,1.0,1,1,4897.0,8.496582237512113,4.919980925828125,-0.327270615322296,-0.1228746155546235,827.198611170352,0.0002041649652919559
1,0,0,0,0,60.0,1.0,2,1,8666.0,9.067277989134343,5.049856007249537,0.2042283582541721,0.0864831788921043,1432.4307867188145,0.00011538017768547363
1,1,0,0,0,360.0,1.0,1,1,10208.0,9.231024963169016,5.545177444479562,0.4216789863398484,1.1883663075590936,1559.621581934313,9.795278675678323e-05
1,0,0,0,0,360.0,1.0,1,0,6767.0,8.81996090128606,4.836281906951478,-0.0635658977346082,-0.2440817597079924,1159.471065292436,0.00014775413711583924
1,1,0,0,0,360.0,1.0,2,1,4342.0,8.376320632534823,4.836281906951478,-0.405535919205273,-0.2440817597079924,743.9668044184657,0.00023025558369790466
0,1,1,0,0,180.0,1.0,1,1,7453.0,8.916506080039204,4.948759890378168,0.0331728382360623,-0.078799290407944,1252.8661666198475,0.00013415615776764153
1,1,0,1,0,360.0,1.0,0,1,3589.0,8.185907481482324,4.564348191467836,-0.5117228990681227,-0.5746466983080891,644.9991762742739,0.0002785515320334262
1,0,0,0,0,360.0,1.0,2,0,6782.0,8.82217476094608,4.836281906951478,-0.0614506192512845,-0.2440817597079924,1162.041194741141,0.00014742739200943535
1,0,0,1,1,360.0,1.0,1,1,5800.0,8.665785595466064,4.890349128221754,-0.1999308506262093,-0.1669499407013031,984.6614986217244,0.00017238407171177384
1,1,2,0,0,360.0,1.0,0,1,10819.0,9.289151552400472,4.795790545596741,0.5078413298939005,-0.2991759161413418,1866.6996184359286,9.242144177449168e-05
1,1,3,0,0,360.0,1.0,1,0,6406.0,8.765146421639022,5.017279836814924,-0.1144735998999319,0.0313890224587549,1064.6006457613635,0.00015607928827844546
1,1,0,0,1,360.0,1.0,1,1,6166.0,8.726967774991493,5.081404364984463,-0.1483180556331111,0.1415773353254538,1013.9105426869198,0.00016215339711366953
1,1,0,1,0,360.0,0.0,2,0,4787.0,8.473868066677865,5.204006687076795,-0.3427826575333365,0.3729727923455215,771.598136728563,0.0
0,0,0,0,0,360.0,1.0,2,1,3244.0,8.08487062913819,4.394449154672439,-0.5603743041845678,-0.7399291676081375,601.3588981907795,0.0003081664098613251
1,1,0,0,0,360.0,1.0,2,1,4698.0,8.455104999102815,4.795790545596741,-0.3553333098677238,-0.2991759161413418,810.5882990490796,0.00021281123643328368
1,1,0,0,0,360.0,1.0,2,1,4492.0,8.41027590907016,4.564348191467836,-0.384383134372036,-0.5746466983080891,807.2823348632038,0.00022256843979523704
1,1,0,0,0,360.0,1.0,1,1,5502.0,8.613048677059759,4.882801922586371,-0.2419543831615735,-0.177968771987973,935.2686139024461,0.00018171906232963838
1,0,0,0,0,360.0,1.0,2,1,6000.0,8.699681400989514,4.955827057601261,-0.1717271375152267,-0.0677804591212741,1007.4167604216046,0.00016663889351774705
1,1,2,0,0,360.0,1.0,2,1,7583.0,8.933796043934858,5.236441962829949,0.051505251758201,0.4390857800655409,1215.917673121264,0.00013185654008438817
1,0,0,1,0,36.0,1.0,1,0,3358.0,8.119398589612294,4.394449154672439,-0.5442981877113077,-0.7399291676081375,622.4917324675208,0.00029770765108663293
1,1,0,1,0,180.0,1.0,1,1,4188.0,8.340217320947035,4.7535901911063645,-0.4272527783007296,-0.3542700725746913,727.8933432682811,0.00023872045834328001
1,1,2,1,0,480.0,1.0,1,0,7750.0,8.955577146281511,5.236441962829949,0.0750553522058715,0.4390857800655409,1242.695762454147,0.00012901561088891756
1,1,0,1,0,360.0,1.0,2,1,4567.0,8.426830751335846,4.7535901911063645,-0.3738067419554174,-0.3542700725746913,793.7652575707353,0.00021891418563922942
1,1,2,0,0,360.0,1.0,1,1,10489.0,9.258177701390345,5.342334251964811,0.4613052032607791,0.6704812370856087,1653.8075073464602,9.532888465204957e-05
1,1,0,0,0,360.0,1.0,2,1,5821.0,8.669399124305569,4.976733742420574,-0.1969694607495562,-0.0347239652612644,973.9433360875296,0.00017176228100309173
1,0,1,0,1,360.0,1.0,0,0,4692.0,8.453827315794417,4.672828834461906,-0.3561794212610533,-0.4534395541547203,827.1005766111853,0.00021308331557639036
1,1,1,1,0,360.0,1.0,1,1,5100.0,8.537191877922927,4.51085950651685,-0.2986438465146487,-0.6297408547414386,925.4454761492306,0.00019603999215840032
1,0,0,0,0,360.0,1.0,1,1,4895.0,8.496173824192162,4.634728988229636,-0.3275526524534059,-0.4975148793013999,868.7196864703071,0.0002042483660130719
1,1,2,1,0,360.0,1.0,2,1,5266.0,8.569216219483389,4.709530201312334,-0.2752347646325331,-0.4093642290080408,922.3175663016217,0.00018986140117714068
1,1,1,0,0,360.0,1.0,1,1,4545.0,8.422003004412488,4.653960350157523,-0.3769091503976255,-0.4754772167280601,803.8613146399891,0.0002199736031676199
1,0,0,0,0,360.0,1.0,2,0,2435.0,7.798112628829788,4.330733340286331,-0.6744583237184927,-0.795023324041487,456.7851821808082,0.00041050903119868636
1,0,0,0,0,480.0,1.0,2,0,3069.0,8.029432840581244,4.276666119016055,-0.5850525531566776,-0.8390986491881666,581.6172429291925,0.0003257328990228013
0,0,0,0,0,360.0,1.0,1,1,4124.0,8.324821298768782,4.7535901911063645,-0.436277966496244,-0.3542700725746913,716.7698537818508,0.00024242424242424242
1,1,0,0,0,360.0,1.0,0,1,3798.0,8.242493153187626,4.727387818712341,-0.4822500188671458,-0.387326566434701,663.1295313356106,0.00026322716504343247
1,1,3,0,0,360.0,1.0,0,1,9504.0,9.15957325492253,5.62040086571715,0.3224019161891895,1.4087429332924917,1435.5626181512932,0.00010520778537611783
1,0,3,0,1,360.0,1.0,1,1,9357.0,9.14398687142616,5.680172609017068,0.3016721870526173,1.5960630651658796,1400.7123090456798,0.00010686044026501389
1,1,1,0,1,360.0,1.0,1,1,2895.0,7.971085753505607,4.564348191467836,-0.6095897835632326,-0.5746466983080891,520.2765715558716,0.0003453038674033149
1,0,0,0,0,360.0,0.0,1,0,12893.0,9.615805480084347,5.493061443340548,1.0972989339134382,1.045121500832385,1985.6580924893901,0.0
1,1,0,1,1,180.0,0.0,0,0,6058.0,8.70930004894499,5.111987788356544,-0.1635480607130417,0.1966714917588032,991.1669017959441,0.0
1,1,1,1,0,180.0,0.0,0,0,4153.0,8.331827004436057,4.736198448394496,-0.4321884280951515,-0.3763077351480311,723.9986617203565,0.0
1,1,1,0,1,180.0,0.0,2,0,12893.0,9.572480355345974,5.081404364984463,1.0076111262205132,0.1415773353254538,2120.069514573866,0.0
1,1,2,1,0,360.0,1.0,1,1,3934.0,8.277666160851503,3.828641396489095,-0.4630714939516776,-1.1255882626415838,814.721922166432,0.00025412960609911054
0,0,0,0,0,360.0,0.0,1,0,4166.0,8.334951631422454,4.762173934797756,-0.4303551867429377,-0.3432512412880214,722.991018171377,0.0
1,1,2,0,0,120.0,1.0,2,1,2385.0,7.777373602657861,2.8903717578961645,-0.6815092519962384,-1.4341155386683409,613.0519519527256,0.00041911148365465214
1,1,1,0,0,360.0,1.0,0,1,6000.0,8.699681400989514,5.081404364984463,-0.1717271375152267,0.1415773353254538,986.6142160430618,0.00016663889351774705
1,0,0,0,0,360.0,1.0,2,0,3600.0,8.188966863648876,4.394449154672439,-0.5101716948470186,-0.7399291676081375,667.3526613707787,0.00027770063871146905
1,0,0,1,0,360.0,1.0,0,1,3691.0,8.213923595622743,4.709530201312334,-0.4973390053815215,-0.4093642290080408,646.4629960537952,0.00027085590465872155
1,1,2,0,0,360.0,1.0,2,1,5391.0,8.592671652592143,4.875197323201151,-0.2576074439381689,-0.1889876032746429,917.5862023750153,0.000185459940652819
1,1,0,0,0,360.0,1.0,0,1,4521.0,8.416709652837914,4.07753744390572,-0.3802935959709435,-0.9823434559148752,890.3922521391348,0.00022114108801415304
1,1,0,0,0,360.0,1.0,0,0,1950.0,7.576097340623111,4.912654885736052,-0.7428523280126256,-0.1338934468412934,329.80108558411985,0.0005125576627370579
0,0,0,0,0,360.0,1.0,1,0,4230.0,8.350193650720067,4.727387818712341,-0.4213299985474232,-0.387326566434701,738.5565870325521,0.0002363507445048452
1,1,2,0,1,360.0,1.0,0,1,7100.0,8.867990898182093,5.176149732573829,-0.016606715404822,0.3178786359121721,1149.583528157302,0.0001408252358822701
1,1,3,0,0,360.0,1.0,2,1,5666.0,8.64241515616962,4.709530201312334,-0.2188273384105677,-0.4093642290080408,992.3758698566253,0.0001764602082230457
0,0,2,0,0,360.0,1.0,2,0,3427.0,8.13973227971767,4.934473933130692,-0.5345679066880187,-0.1008369529812838,577.4732585592652,0.00029171528588098014
1,1,3,0,0,180.0,1.0,2,1,7740.0,8.954286157204713,4.859812404361672,0.0736451665503224,-0.2110252658479827,1320.8613972418018,0.0001291822761917065
1,1,2,0,0,360.0,1.0,1,1,3859.0,8.258422462458876,4.574710978503383,-0.4736478863682961,-0.5636278670214193,692.2331964617847,0.00025906735751295336
0,0,1,0,0,360.0,1.0,2,1,4436.0,8.39773375137891,4.51085950651685,-0.3922801740431111,-0.6297408547414386,804.9561043525465,0.000225377507324769
1,0,2,0,0,360.0,0.0,1,1,4923.0,8.501876487304344,5.117993812416755,-0.3236041326178683,0.2076903230454732,804.675544131565,0.0
1,1,0,0,0,360.0,1.0,2,0,7933.0,8.978912601074276,5.62040086571715,0.1008617497024207,1.4087429332924917,1198.2658091113435,0.00012603982858583313
1,1,1,0,0,360.0,1.0,1,1,6500.0,8.77971129020447,3.295836866004329,-0.10121785473777,-1.3349460570883118,1513.0928391249226,0.00015382248884786957
1,0,0,1,0,300.0,1.0,0,0,2755.0,7.921535632133549,4.189654742026425,-0.6293323827409204,-0.905211636908186,530.8638314009005,0.000362844702467344
1,1,2,0,0,300.0,1.0,1,1,8450.0,9.042040056544485,5.442417710521793,0.1737683480943108,0.9128955253923464,1311.6193919247758,0.00011832919181161993
1,1,1,0,0,360.0,1.0,2,1,4082.0,8.314587291319576,4.61512051684126,-0.4422007462495504,-0.5195525418747398,726.9656969528938,0.0002449179524859172
1,1,0,1,0,360.0,1.0,0,1,4467.0,8.404696160189092,4.795790545596741,-0.3879085985109088,-0.2991759161413418,770.7317862605872,0.00022381378692927484
1,1,0,0,0,360.0,1.0,0,1,5488.0,8.610501368549889,4.836281906951478,-0.2439286430793423,-0.2440817597079924,940.3246942995255,0.00018218254691200583
1,1,1,0,0,360.0,1.0,0,0,6091.0,8.714731714015052,4.859812404361672,-0.1588944480497296,-0.2110252658479827,1039.453071136927,0.00016414970453053183
0,1,1,0,1,360.0,1.0,1,1,12893.0,9.87740021777281,6.398594934535208,1.7297672004272244,4.989863101460207,1742.628176576876,7.755545214828603e-05
0,0,0,0,0,360.0,1.0,1,1,3846.0,8.255048902752295,4.718498871295094,-0.47548112772051,-0.3983453977213709,672.5541241785677,0.0002599428125812321
0,0,0,1,0,360.0,1.0,1,1,4408.0,8.391403185357937,4.795790545596741,-0.3962286938786487,-0.2991759161413418,760.5519842929637,0.00022680880018144704
1,0,3,0,0,360.0,1.0,0,0,12893.0,9.648659816955297,5.771441123130016,1.1679492352564498,1.9045903411926368,1904.0260065113537,7.755545214828603e-05
1,1,0,0,1,360.0,1.0,2,1,5492.0,8.61122983334262,5.241747015059643,-0.2433645688171226,0.4501046113522108,879.8818642840367,0.0001820498816675769
1,1,2,0,0,360.0,1.0,1,1,5935.0,8.688790784847216,4.897839799950911,-0.180893344276296,-0.1559311094146332,1006.3006458821411,0.00016846361185983828
1,0,0,0,1,360.0,1.0,1,1,7085.0,8.865876285425417,4.442651256490317,-0.0187219938881457,-0.695853842461458,1301.7552781011268,0.00014112334180073385
1,0,0,0,0,480.0,1.0,1,0,2500.0,7.824445930877619,4.574710978503383,-0.6652921169574233,-0.5636278670214193,448.453742201208,0.00039984006397441024
1,1,2,0,0,180.0,1.0,1,1,11904.0,9.384713758920965,5.241747015059643,0.6608464735209815,0.4501046113522108,1907.1583598756688,8.399832003359933e-05
0,0,0,0,0,360.0,1.0,1,1,4160.0,8.333510708982942,4.276666119016055,-0.4312012981362672,-0.8390986491881666,788.3765821392768,0.0002403268445085316
1,1,2,0,0,360.0,0.0,2,0,8799.0,9.0825070004663,5.556828061699537,0.2229838274729756,1.2214228014191033,1341.959849671472,0.0
1,1,0,0,0,360.0,1.0,1,1,4957.0,8.508757712595136,5.081404364984463,-0.3188095013890012,0.1415773353254538,815.1077781542429,0.0002016942315449778
1,1,1,1,0,180.0,1.0,2,0,4493.0,8.410498452745275,4.948759890378168,-0.384242115806481,-0.078799290407944,755.2834679488763,0.00022251891410769915
1,0,0,0,0,360.0,1.0,0,0,4693.0,8.454040376410969,4.74493212836325,-0.3560384026954984,-0.3652889038613612,816.8938979853624,0.00021303792074989347
1,1,1,1,0,180.0,1.0,2,1,5039.0,8.525161361065415,4.718498871295094,-0.3072459790134984,-0.3983453977213709,881.1753072635993,0.0001984126984126984
0,0,3,0,0,180.0,1.0,2,0,12893.0,10.64742289992818,5.860786223465865,4.91664576340271,2.235155279792733,1879.2306858217248,7.755545214828603e-05
1,1,0,1,0,360.0,0.0,2,0,6146.0,8.72371943690701,4.836281906951478,-0.1511384269442093,-0.2440817597079924,1053.0677061160502,0.0
1,1,0,0,0,360.0,1.0,1,1,4843.0,8.485496104672983,5.017279836814924,-0.3348856178622614,0.0313890224587549,804.8487242307654,0.00020644095788604458
0,1,0,0,0,360.0,1.0,0,0,4583.0,8.430327258394575,4.727387818712341,-0.3715504449065389,-0.387326566434701,800.1902691182474,0.0002181500872600349
1,1,2,0,0,360.0,1.0,1,1,8333.0,9.0280988119824,5.5093883366279774,0.157269175924386,1.0891968259790643,1280.1510017632006,0.00011999040076793856
1,1,0,1,0,300.0,1.0,1,1,5297.0,8.575084669832014,4.8283137373023015,-0.2708631891003307,-0.2551005909946623,908.83920096789,0.00018875047187617969
1,1,2,0,1,360.0,1.0,0,1,7550.0,8.929435283803425,4.691347882229144,0.0468516390948889,-0.4314018915813806,1326.5750321772412,0.00013243279035889287
1,0,0,0,0,360.0,1.0,2,1,3333.0,8.111928063310739,4.262679877041316,-0.5478236518501804,-0.8501174804748365,633.3275209347934,0.00029994001199760045
1,1,0,0,0,360.0,1.0,0,1,7977.0,8.984443032465352,5.356586274672012,0.1070665665868369,0.7035377309456183,1254.918859795008,0.000125344697919278
1,1,0,0,0,180.0,1.0,0,1,9328.0,9.140883106960962,5.241747015059643,0.2975826486515248,0.4501046113522108,1494.453392214402,0.00010719262514738985
1,1,2,0,1,360.0,1.0,0,1,12893.0,9.772239265926174,5.017279836814924,1.455486090422918,0.0313890224587549,2142.6625235406273,7.755545214828603e-05
1,0,0,1,0,360.0,1.0,0,0,4885.0,8.494129251817686,4.61512051684126,-0.328962838108955,-0.5195525418747398,869.9724227376008,0.00020466639377814163
1,1,1,0,0,360.0,1.0,2,1,10330.0,9.242904362849446,5.198497031265826,0.4388832513375479,0.3619539610588517,1666.5330237143728,9.679605072113058e-05
1,0,2,0,0,360.0,1.0,0,1,10180.0,9.228278517107196,5.093750200806762,0.4177304665043109,0.1636149978987936,1670.564047514165,9.822217856792063e-05
1,1,2,1,0,360.0,1.0,1,1,3917.0,8.273336598504486,4.691347882229144,-0.4654688095661111,-0.4314018915813806,688.2376690116891,0.00025523226135783564
1,0,0,1,1,360.0,1.0,0,1,4750.0,8.46611040118692,4.653960350157523,-0.3480003444588683,-0.4754772167280601,840.1190857073594,0.00021048200378867606
1,1,1,0,0,360.0,1.0,2,1,11580.0,9.357121103184378,5.755742213586912,0.6151564582811896,1.8494961847592872,1714.0973758161922,8.634832915983076e-05
1,1,2,0,1,84.0,1.0,0,1,5746.0,8.656433258507741,4.976733742420574,-0.2075458531661747,-0.0347239652612644,961.3946760279927,0.00017400382808421786
1,1,0,0,0,360.0,1.0,1,0,8334.0,9.028218795184896,5.081404364984463,0.1574101944899409,0.1415773353254538,1370.407146083813,0.0001199760047990402
1,1,0,1,0,360.0,1.0,1,1,2904.0,7.974188669286011,4.59511985013459,-0.6083206164732383,-0.5415902044480795,519.0237345729323,0.00034423407917383823
1,1,0,0,0,360.0,1.0,1,1,7267.0,8.891236429516061,5.337538079701318,0.0069433850428484,0.6594624057989388,1146.659776810759,0.0001375894331315355
1,0,0,0,0,360.0,1.0,1,0,12000.0,9.39274525863144,5.10594547390058,0.6743842558142531,0.1856526604721333,1965.297602360376,8.332638946754438e-05
1,0,1,0,0,180.0,1.0,2,1,3667.0,8.207401833376355,4.736198448394496,-0.5007234509548395,-0.3763077351480311,639.2735594819521,0.0002726281352235551
1,1,0,1,0,360.0,1.0,0,1,4286.0,8.363342466597977,4.709530201312334,-0.4134329588763481,-0.4093642290080408,750.674722591863,0.00023326335432703523
1,1,1,1,0,360.0,1.0,2,1,6464.0,8.774158291205957,5.231108616854587,-0.1062945230977469,0.428066948778871,1037.3755935686088,0.00015467904098994585
1,1,3,1,0,360.0,1.0,1,1,3173.0,8.062747901086354,4.31748811353631,-0.5703866223389666,-0.8060421553281569,596.7103136390176,0.000315059861373661
1,0,0,0,0,360.0,1.0,0,0,12893.0,9.915119636765835,6.175867270105761,1.8353901060278544,3.66760334705982,1796.7166217958736,7.755545214828603e-05
1,0,0,0,1,480.0,1.0,2,1,12893.0,9.911802884139842,6.478509642208569,1.8259418621356756,5.540804665793702,1724.0066024963248,7.755545214828603e-05
1,1,0,0,0,360.0,1.0,1,1,5300.0,8.575650760987806,4.882801922586371,-0.270440133403666,-0.177968771987973,900.9312347660787,0.00018864365214110544
1,1,2,0,1,300.0,1.0,0,1,12893.0,9.7524902289842,5.942799375126701,1.407116722437583,2.5657202183928303,1857.0319122558128,7.755545214828603e-05
1,1,0,0,0,360.0,1.0,1,1,4618.0,8.437933510430605,4.653960350157523,-0.3666147951121169,-0.4754772167280601,816.7726184834918,0.00021649707728945658
1,0,2,0,0,360.0,1.0,0,1,4354.0,8.379079889286603,4.919980925828125,-0.403843696418614,-0.1228746155546235,735.4753426660635,0.0002296211251435132
1,0,1,0,0,360.0,1.0,2,1,6177.0,8.728749873478527,4.770684624465665,-0.146766851412007,-0.3322324100013515,1070.4102549308795,0.0001618646811265782
1,1,0,0,0,360.0,1.0,2,1,6194.0,8.731497794063243,4.927253685157205,-0.1443695357975735,-0.1118557842679537,1045.0033572058458,0.00016142050040355126
1,1,3,1,0,180.0,0.0,2,0,4611.0,8.436416881388949,4.262679877041316,-0.3676019250710013,-0.8501174804748365,876.1695766667664,0.0
0,0,0,0,0,360.0,1.0,1,1,4166.0,8.334951631422454,3.80666248977032,-0.4303551867429377,-1.1366070939282538,866.7136519084091,0.00023998080153587713
1,1,0,1,0,360.0,0.0,2,0,7660.0,8.94389780251682,4.653960350157523,0.0623636813059293,-0.4754772167280601,1354.8025676880786,0.0
1,1,2,1,1,360.0,1.0,1,1,3750.0,8.229777750081887,4.584967478670572,-0.4890189100137816,-0.5526090357347494,671.4452705985385,0.00026659557451346307
1,1,2,0,0,360.0,1.0,2,1,12543.0,9.436997742590188,5.420534999272286,0.7509573369105711,0.8578013689589968,1953.5755200184476,7.971938775510203e-05
0,0,0,0,0,360.0,1.0,2,1,3237.0,8.08271113423758,3.4339872044851463,-0.5613614341434522,-1.2908707319416322,730.042702136274,0.00030883261272390367
0,1,0,0,0,240.0,1.0,1,1,10047.0,9.21512888870798,4.836281906951478,0.3989749972855074,-0.2440817597079924,1721.4727047425897,9.952229299363058e-05
1,1,0,0,0,360.0,1.0,2,1,12893.0,9.521568058002975,4.836281906951478,0.90706488897986,-0.2440817597079924,2209.1119321435463,7.755545214828603e-05
